promo_id,product_id,start_date,end_date,discount_pct
PR00001,P0141,2024-07-01,2024-07-07,15
PR00002,P0035,2024-07-01,2024-07-07,20
PR00003,P0158,2024-07-01,2024-07-07,20
PR00004,P0169,2024-07-01,2024-07-07,20
PR00005,P0235,2024-07-01,2024-07-07,15
PR00006,P0239,2024-07-01,2024-07-07,15
PR00007,P0026,2024-07-01,2024-07-07,10
PR00008,P0273,2024-07-01,2024-07-07,10
PR00009,P0145,2024-07-01,2024-07-07,20
PR00010,P0078,2024-07-01,2024-07-07,10
PR00011,P0196,2024-07-01,2024-07-07,10
PR00012,P0082,2024-07-01,2024-07-07,10
PR00013,P0085,2024-07-01,2024-07-07,10
PR00014,P0030,2024-07-01,2024-07-07,15
PR00015,P0092,2024-07-01,2024-07-07,15
PR00016,P0011,2024-07-01,2024-07-07,15
PR00017,P0118,2024-07-01,2024-07-07,10
PR00018,P0013,2024-07-01,2024-07-07,15
PR00019,P0059,2024-07-01,2024-07-07,15
PR00020,P0274,2024-07-01,2024-07-07,20
PR00021,P0081,2024-07-01,2024-07-07,15
PR00022,P0133,2024-07-01,2024-07-07,15
PR00023,P0245,2024-07-01,2024-07-07,15
PR00024,P0170,2024-07-01,2024-07-07,25
PR00025,P0015,2024-07-08,2024-07-14,10
PR00026,P0039,2024-07-08,2024-07-14,10
PR00027,P0268,2024-07-08,2024-07-14,15
PR00028,P0137,2024-07-08,2024-07-14,20
PR00029,P0244,2024-07-08,2024-07-14,20
PR00030,P0008,2024-07-08,2024-07-14,15
PR00031,P0100,2024-07-08,2024-07-14,20
PR00032,P0062,2024-07-08,2024-07-14,15
PR00033,P0093,2024-07-08,2024-07-14,20
PR00034,P0213,2024-07-08,2024-07-14,15
PR00035,P0140,2024-07-08,2024-07-14,10
PR00036,P0025,2024-07-08,2024-07-14,25
PR00037,P0019,2024-07-08,2024-07-14,10
PR00038,P0255,2024-07-08,2024-07-14,10
PR00039,P0038,2024-07-08,2024-07-14,10
PR00040,P0075,2024-07-08,2024-07-14,15
PR00041,P0275,2024-07-08,2024-07-14,15
PR00042,P0293,2024-07-08,2024-07-14,15
PR00043,P0212,2024-07-08,2024-07-14,20
PR00044,P0103,2024-07-08,2024-07-14,10
PR00045,P0136,2024-07-08,2024-07-14,15
PR00046,P0130,2024-07-08,2024-07-14,10
PR00047,P0271,2024-07-08,2024-07-14,20
PR00048,P0165,2024-07-08,2024-07-14,10
PR00049,P0260,2024-07-15,2024-07-21,15
PR00050,P0149,2024-07-15,2024-07-21,10
PR00051,P0060,2024-07-15,2024-07-21,15
PR00052,P0012,2024-07-15,2024-07-21,20
PR00053,P0029,2024-07-15,2024-07-21,10
PR00054,P0054,2024-07-15,2024-07-21,20
PR00055,P0114,2024-07-15,2024-07-21,10
PR00056,P0235,2024-07-15,2024-07-21,15
PR00057,P0190,2024-07-15,2024-07-21,15
PR00058,P0154,2024-07-15,2024-07-21,10
PR00059,P0141,2024-07-15,2024-07-21,25
PR00060,P0010,2024-07-15,2024-07-21,15
PR00061,P0127,2024-07-15,2024-07-21,25
PR00062,P0099,2024-07-15,2024-07-21,10
PR00063,P0035,2024-07-15,2024-07-21,20
PR00064,P0195,2024-07-15,2024-07-21,25
PR00065,P0007,2024-07-15,2024-07-21,15
PR00066,P0254,2024-07-15,2024-07-21,10
PR00067,P0169,2024-07-15,2024-07-21,20
PR00068,P0264,2024-07-15,2024-07-21,15
PR00069,P0223,2024-07-15,2024-07-21,25
PR00070,P0096,2024-07-15,2024-07-21,15
PR00071,P0040,2024-07-15,2024-07-21,10
PR00072,P0226,2024-07-15,2024-07-21,10
PR00073,P0290,2024-07-22,2024-07-28,10
PR00074,P0192,2024-07-22,2024-07-28,10
PR00075,P0247,2024-07-22,2024-07-28,15
PR00076,P0274,2024-07-22,2024-07-28,20
PR00077,P0195,2024-07-22,2024-07-28,10
PR00078,P0193,2024-07-22,2024-07-28,20
PR00079,P0133,2024-07-22,2024-07-28,20
PR00080,P0158,2024-07-22,2024-07-28,10
PR00081,P0267,2024-07-22,2024-07-28,20
PR00082,P0021,2024-07-22,2024-07-28,15
PR00083,P0203,2024-07-22,2024-07-28,10
PR00084,P0009,2024-07-22,2024-07-28,15
PR00085,P0250,2024-07-22,2024-07-28,10
PR00086,P0068,2024-07-22,2024-07-28,20
PR00087,P0184,2024-07-22,2024-07-28,25
PR00088,P0212,2024-07-22,2024-07-28,20
PR00089,P0071,2024-07-22,2024-07-28,15
PR00090,P0033,2024-07-22,2024-07-28,15
PR00091,P0023,2024-07-22,2024-07-28,25
PR00092,P0141,2024-07-22,2024-07-28,10
PR00093,P0111,2024-07-22,2024-07-28,10
PR00094,P0253,2024-07-22,2024-07-28,15
PR00095,P0246,2024-07-22,2024-07-28,10
PR00096,P0022,2024-07-22,2024-07-28,10
PR00097,P0281,2024-07-29,2024-08-04,10
PR00098,P0075,2024-07-29,2024-08-04,10
PR00099,P0089,2024-07-29,2024-08-04,20
PR00100,P0012,2024-07-29,2024-08-04,20
PR00101,P0079,2024-07-29,2024-08-04,15
PR00102,P0216,2024-07-29,2024-08-04,10
PR00103,P0054,2024-07-29,2024-08-04,10
PR00104,P0007,2024-07-29,2024-08-04,25
PR00105,P0255,2024-07-29,2024-08-04,15
PR00106,P0002,2024-07-29,2024-08-04,15
PR00107,P0224,2024-07-29,2024-08-04,15
PR00108,P0167,2024-07-29,2024-08-04,15
PR00109,P0254,2024-07-29,2024-08-04,15
PR00110,P0014,2024-07-29,2024-08-04,15
PR00111,P0044,2024-07-29,2024-08-04,20
PR00112,P0166,2024-07-29,2024-08-04,25
PR00113,P0098,2024-07-29,2024-08-04,25
PR00114,P0207,2024-07-29,2024-08-04,15
PR00115,P0247,2024-07-29,2024-08-04,15
PR00116,P0030,2024-07-29,2024-08-04,20
PR00117,P0105,2024-07-29,2024-08-04,20
PR00118,P0200,2024-07-29,2024-08-04,15
PR00119,P0099,2024-07-29,2024-08-04,20
PR00120,P0123,2024-07-29,2024-08-04,20
PR00121,P0243,2024-08-05,2024-08-11,10
PR00122,P0155,2024-08-05,2024-08-11,25
PR00123,P0061,2024-08-05,2024-08-11,20
PR00124,P0086,2024-08-05,2024-08-11,25
PR00125,P0060,2024-08-05,2024-08-11,25
PR00126,P0189,2024-08-05,2024-08-11,25
PR00127,P0250,2024-08-05,2024-08-11,20
PR00128,P0210,2024-08-05,2024-08-11,15
PR00129,P0278,2024-08-05,2024-08-11,10
PR00130,P0286,2024-08-05,2024-08-11,15
PR00131,P0169,2024-08-05,2024-08-11,20
PR00132,P0001,2024-08-05,2024-08-11,15
PR00133,P0225,2024-08-05,2024-08-11,20
PR00134,P0219,2024-08-05,2024-08-11,10
PR00135,P0224,2024-08-05,2024-08-11,15
PR00136,P0085,2024-08-05,2024-08-11,15
PR00137,P0179,2024-08-05,2024-08-11,15
PR00138,P0215,2024-08-05,2024-08-11,10
PR00139,P0170,2024-08-05,2024-08-11,10
PR00140,P0109,2024-08-05,2024-08-11,20
PR00141,P0069,2024-08-05,2024-08-11,15
PR00142,P0143,2024-08-05,2024-08-11,10
PR00143,P0176,2024-08-05,2024-08-11,10
PR00144,P0039,2024-08-05,2024-08-11,15
PR00145,P0133,2024-08-12,2024-08-18,25
PR00146,P0084,2024-08-12,2024-08-18,15
PR00147,P0068,2024-08-12,2024-08-18,15
PR00148,P0002,2024-08-12,2024-08-18,20
PR00149,P0225,2024-08-12,2024-08-18,15
PR00150,P0100,2024-08-12,2024-08-18,25
PR00151,P0204,2024-08-12,2024-08-18,10
PR00152,P0215,2024-08-12,2024-08-18,25
PR00153,P0300,2024-08-12,2024-08-18,20
PR00154,P0160,2024-08-12,2024-08-18,20
PR00155,P0089,2024-08-12,2024-08-18,15
PR00156,P0065,2024-08-12,2024-08-18,20
PR00157,P0045,2024-08-12,2024-08-18,10
PR00158,P0172,2024-08-12,2024-08-18,20
PR00159,P0067,2024-08-12,2024-08-18,10
PR00160,P0198,2024-08-12,2024-08-18,10
PR00161,P0046,2024-08-12,2024-08-18,15
PR00162,P0176,2024-08-12,2024-08-18,10
PR00163,P0295,2024-08-12,2024-08-18,15
PR00164,P0263,2024-08-12,2024-08-18,20
PR00165,P0041,2024-08-12,2024-08-18,10
PR00166,P0170,2024-08-12,2024-08-18,20
PR00167,P0234,2024-08-12,2024-08-18,10
PR00168,P0260,2024-08-12,2024-08-18,20
PR00169,P0261,2024-08-19,2024-08-25,25
PR00170,P0229,2024-08-19,2024-08-25,10
PR00171,P0176,2024-08-19,2024-08-25,10
PR00172,P0114,2024-08-19,2024-08-25,10
PR00173,P0239,2024-08-19,2024-08-25,10
PR00174,P0069,2024-08-19,2024-08-25,10
PR00175,P0019,2024-08-19,2024-08-25,20
PR00176,P0099,2024-08-19,2024-08-25,10
PR00177,P0205,2024-08-19,2024-08-25,15
PR00178,P0218,2024-08-19,2024-08-25,20
PR00179,P0221,2024-08-19,2024-08-25,15
PR00180,P0141,2024-08-19,2024-08-25,20
PR00181,P0113,2024-08-19,2024-08-25,15
PR00182,P0289,2024-08-19,2024-08-25,10
PR00183,P0286,2024-08-19,2024-08-25,10
PR00184,P0034,2024-08-19,2024-08-25,25
PR00185,P0087,2024-08-19,2024-08-25,15
PR00186,P0115,2024-08-19,2024-08-25,10
PR00187,P0258,2024-08-19,2024-08-25,15
PR00188,P0139,2024-08-19,2024-08-25,20
PR00189,P0167,2024-08-19,2024-08-25,20
PR00190,P0174,2024-08-19,2024-08-25,15
PR00191,P0230,2024-08-19,2024-08-25,20
PR00192,P0132,2024-08-19,2024-08-25,20
PR00193,P0031,2024-08-26,2024-09-01,10
PR00194,P0151,2024-08-26,2024-09-01,10
PR00195,P0089,2024-08-26,2024-09-01,10
PR00196,P0148,2024-08-26,2024-09-01,10
PR00197,P0057,2024-08-26,2024-09-01,10
PR00198,P0022,2024-08-26,2024-09-01,15
PR00199,P0179,2024-08-26,2024-09-01,20
PR00200,P0137,2024-08-26,2024-09-01,10
PR00201,P0223,2024-08-26,2024-09-01,10
PR00202,P0167,2024-08-26,2024-09-01,25
PR00203,P0242,2024-08-26,2024-09-01,20
PR00204,P0054,2024-08-26,2024-09-01,20
PR00205,P0171,2024-08-26,2024-09-01,10
PR00206,P0172,2024-08-26,2024-09-01,15
PR00207,P0079,2024-08-26,2024-09-01,10
PR00208,P0275,2024-08-26,2024-09-01,10
PR00209,P0065,2024-08-26,2024-09-01,15
PR00210,P0120,2024-08-26,2024-09-01,15
PR00211,P0240,2024-08-26,2024-09-01,15
PR00212,P0040,2024-08-26,2024-09-01,15
PR00213,P0254,2024-08-26,2024-09-01,10
PR00214,P0161,2024-08-26,2024-09-01,10
PR00215,P0214,2024-08-26,2024-09-01,20
PR00216,P0019,2024-08-26,2024-09-01,20
PR00217,P0143,2024-09-02,2024-09-08,15
PR00218,P0124,2024-09-02,2024-09-08,20
PR00219,P0085,2024-09-02,2024-09-08,10
PR00220,P0027,2024-09-02,2024-09-08,15
PR00221,P0050,2024-09-02,2024-09-08,20
PR00222,P0001,2024-09-02,2024-09-08,10
PR00223,P0055,2024-09-02,2024-09-08,10
PR00224,P0260,2024-09-02,2024-09-08,10
PR00225,P0016,2024-09-02,2024-09-08,20
PR00226,P0226,2024-09-02,2024-09-08,15
PR00227,P0090,2024-09-02,2024-09-08,20
PR00228,P0079,2024-09-02,2024-09-08,20
PR00229,P0212,2024-09-02,2024-09-08,20
PR00230,P0104,2024-09-02,2024-09-08,25
PR00231,P0213,2024-09-02,2024-09-08,20
PR00232,P0018,2024-09-02,2024-09-08,20
PR00233,P0161,2024-09-02,2024-09-08,20
PR00234,P0059,2024-09-02,2024-09-08,20
PR00235,P0178,2024-09-02,2024-09-08,20
PR00236,P0029,2024-09-02,2024-09-08,25
PR00237,P0250,2024-09-02,2024-09-08,15
PR00238,P0112,2024-09-02,2024-09-08,15
PR00239,P0288,2024-09-02,2024-09-08,15
PR00240,P0105,2024-09-02,2024-09-08,20
PR00241,P0120,2024-09-09,2024-09-15,20
PR00242,P0174,2024-09-09,2024-09-15,10
PR00243,P0162,2024-09-09,2024-09-15,10
PR00244,P0173,2024-09-09,2024-09-15,10
PR00245,P0205,2024-09-09,2024-09-15,15
PR00246,P0063,2024-09-09,2024-09-15,15
PR00247,P0230,2024-09-09,2024-09-15,20
PR00248,P0159,2024-09-09,2024-09-15,15
PR00249,P0274,2024-09-09,2024-09-15,10
PR00250,P0042,2024-09-09,2024-09-15,10
PR00251,P0292,2024-09-09,2024-09-15,10
PR00252,P0197,2024-09-09,2024-09-15,25
PR00253,P0202,2024-09-09,2024-09-15,10
PR00254,P0170,2024-09-09,2024-09-15,25
PR00255,P0242,2024-09-09,2024-09-15,10
PR00256,P0030,2024-09-09,2024-09-15,10
PR00257,P0133,2024-09-09,2024-09-15,10
PR00258,P0051,2024-09-09,2024-09-15,10
PR00259,P0220,2024-09-09,2024-09-15,20
PR00260,P0072,2024-09-09,2024-09-15,15
PR00261,P0226,2024-09-09,2024-09-15,10
PR00262,P0219,2024-09-09,2024-09-15,20
PR00263,P0271,2024-09-09,2024-09-15,15
PR00264,P0267,2024-09-09,2024-09-15,25
PR00265,P0187,2024-09-16,2024-09-22,15
PR00266,P0031,2024-09-16,2024-09-22,20
PR00267,P0269,2024-09-16,2024-09-22,15
PR00268,P0084,2024-09-16,2024-09-22,20
PR00269,P0226,2024-09-16,2024-09-22,15
PR00270,P0023,2024-09-16,2024-09-22,10
PR00271,P0144,2024-09-16,2024-09-22,10
PR00272,P0284,2024-09-16,2024-09-22,10
PR00273,P0070,2024-09-16,2024-09-22,10
PR00274,P0196,2024-09-16,2024-09-22,10
PR00275,P0232,2024-09-16,2024-09-22,10
PR00276,P0147,2024-09-16,2024-09-22,10
PR00277,P0204,2024-09-16,2024-09-22,20
PR00278,P0103,2024-09-16,2024-09-22,15
PR00279,P0026,2024-09-16,2024-09-22,25
PR00280,P0237,2024-09-16,2024-09-22,20
PR00281,P0113,2024-09-16,2024-09-22,15
PR00282,P0223,2024-09-16,2024-09-22,10
PR00283,P0180,2024-09-16,2024-09-22,15
PR00284,P0142,2024-09-16,2024-09-22,10
PR00285,P0134,2024-09-16,2024-09-22,15
PR00286,P0192,2024-09-16,2024-09-22,15
PR00287,P0102,2024-09-16,2024-09-22,15
PR00288,P0250,2024-09-16,2024-09-22,10
PR00289,P0009,2024-09-23,2024-09-29,20
PR00290,P0236,2024-09-23,2024-09-29,15
PR00291,P0080,2024-09-23,2024-09-29,25
PR00292,P0188,2024-09-23,2024-09-29,15
PR00293,P0239,2024-09-23,2024-09-29,20
PR00294,P0224,2024-09-23,2024-09-29,20
PR00295,P0159,2024-09-23,2024-09-29,10
PR00296,P0119,2024-09-23,2024-09-29,10
PR00297,P0041,2024-09-23,2024-09-29,15
PR00298,P0279,2024-09-23,2024-09-29,10
PR00299,P0084,2024-09-23,2024-09-29,15
PR00300,P0031,2024-09-23,2024-09-29,15
PR00301,P0217,2024-09-23,2024-09-29,15
PR00302,P0191,2024-09-23,2024-09-29,10
PR00303,P0098,2024-09-23,2024-09-29,20
PR00304,P0178,2024-09-23,2024-09-29,15
PR00305,P0039,2024-09-23,2024-09-29,20
PR00306,P0299,2024-09-23,2024-09-29,10
PR00307,P0179,2024-09-23,2024-09-29,15
PR00308,P0292,2024-09-23,2024-09-29,10
PR00309,P0210,2024-09-23,2024-09-29,20
PR00310,P0154,2024-09-23,2024-09-29,10
PR00311,P0160,2024-09-23,2024-09-29,25
PR00312,P0107,2024-09-23,2024-09-29,10
PR00313,P0295,2024-09-30,2024-10-06,10
PR00314,P0078,2024-09-30,2024-10-06,10
PR00315,P0036,2024-09-30,2024-10-06,20
PR00316,P0107,2024-09-30,2024-10-06,15
PR00317,P0239,2024-09-30,2024-10-06,15
PR00318,P0123,2024-09-30,2024-10-06,25
PR00319,P0073,2024-09-30,2024-10-06,15
PR00320,P0062,2024-09-30,2024-10-06,10
PR00321,P0158,2024-09-30,2024-10-06,15
PR00322,P0048,2024-09-30,2024-10-06,10
PR00323,P0300,2024-09-30,2024-10-06,10
PR00324,P0047,2024-09-30,2024-10-06,10
PR00325,P0243,2024-09-30,2024-10-06,20
PR00326,P0041,2024-09-30,2024-10-06,20
PR00327,P0191,2024-09-30,2024-10-06,15
PR00328,P0033,2024-09-30,2024-10-06,15
PR00329,P0190,2024-09-30,2024-10-06,20
PR00330,P0059,2024-09-30,2024-10-06,20
PR00331,P0176,2024-09-30,2024-10-06,20
PR00332,P0134,2024-09-30,2024-10-06,15
PR00333,P0171,2024-09-30,2024-10-06,20
PR00334,P0179,2024-09-30,2024-10-06,15
PR00335,P0002,2024-09-30,2024-10-06,15
PR00336,P0001,2024-09-30,2024-10-06,20
PR00337,P0052,2024-10-07,2024-10-13,15
PR00338,P0263,2024-10-07,2024-10-13,15
PR00339,P0063,2024-10-07,2024-10-13,10
PR00340,P0112,2024-10-07,2024-10-13,10
PR00341,P0081,2024-10-07,2024-10-13,10
PR00342,P0111,2024-10-07,2024-10-13,10
PR00343,P0079,2024-10-07,2024-10-13,15
PR00344,P0276,2024-10-07,2024-10-13,10
PR00345,P0051,2024-10-07,2024-10-13,20
PR00346,P0254,2024-10-07,2024-10-13,10
PR00347,P0020,2024-10-07,2024-10-13,10
PR00348,P0103,2024-10-07,2024-10-13,20
PR00349,P0115,2024-10-07,2024-10-13,10
PR00350,P0156,2024-10-07,2024-10-13,15
PR00351,P0125,2024-10-07,2024-10-13,25
PR00352,P0255,2024-10-07,2024-10-13,25
PR00353,P0154,2024-10-07,2024-10-13,20
PR00354,P0108,2024-10-07,2024-10-13,10
PR00355,P0064,2024-10-07,2024-10-13,15
PR00356,P0143,2024-10-07,2024-10-13,25
PR00357,P0191,2024-10-07,2024-10-13,25
PR00358,P0086,2024-10-07,2024-10-13,10
PR00359,P0224,2024-10-07,2024-10-13,15
PR00360,P0148,2024-10-07,2024-10-13,10
PR00361,P0193,2024-10-14,2024-10-20,15
PR00362,P0284,2024-10-14,2024-10-20,10
PR00363,P0047,2024-10-14,2024-10-20,10
PR00364,P0043,2024-10-14,2024-10-20,15
PR00365,P0265,2024-10-14,2024-10-20,25
PR00366,P0037,2024-10-14,2024-10-20,25
PR00367,P0171,2024-10-14,2024-10-20,25
PR00368,P0044,2024-10-14,2024-10-20,15
PR00369,P0021,2024-10-14,2024-10-20,10
PR00370,P0078,2024-10-14,2024-10-20,10
PR00371,P0026,2024-10-14,2024-10-20,10
PR00372,P0282,2024-10-14,2024-10-20,10
PR00373,P0099,2024-10-14,2024-10-20,10
PR00374,P0187,2024-10-14,2024-10-20,15
PR00375,P0097,2024-10-14,2024-10-20,10
PR00376,P0095,2024-10-14,2024-10-20,10
PR00377,P0056,2024-10-14,2024-10-20,20
PR00378,P0280,2024-10-14,2024-10-20,15
PR00379,P0122,2024-10-14,2024-10-20,20
PR00380,P0147,2024-10-14,2024-10-20,10
PR00381,P0298,2024-10-14,2024-10-20,15
PR00382,P0196,2024-10-14,2024-10-20,10
PR00383,P0127,2024-10-14,2024-10-20,15
PR00384,P0144,2024-10-14,2024-10-20,10
PR00385,P0068,2024-10-21,2024-10-27,15
PR00386,P0114,2024-10-21,2024-10-27,15
PR00387,P0135,2024-10-21,2024-10-27,10
PR00388,P0045,2024-10-21,2024-10-27,15
PR00389,P0158,2024-10-21,2024-10-27,10
PR00390,P0266,2024-10-21,2024-10-27,20
PR00391,P0164,2024-10-21,2024-10-27,15
PR00392,P0287,2024-10-21,2024-10-27,20
PR00393,P0074,2024-10-21,2024-10-27,15
PR00394,P0282,2024-10-21,2024-10-27,20
PR00395,P0294,2024-10-21,2024-10-27,10
PR00396,P0240,2024-10-21,2024-10-27,25
PR00397,P0123,2024-10-21,2024-10-27,15
PR00398,P0172,2024-10-21,2024-10-27,10
PR00399,P0191,2024-10-21,2024-10-27,10
PR00400,P0013,2024-10-21,2024-10-27,10
PR00401,P0161,2024-10-21,2024-10-27,15
PR00402,P0049,2024-10-21,2024-10-27,20
PR00403,P0097,2024-10-21,2024-10-27,25
PR00404,P0054,2024-10-21,2024-10-27,20
PR00405,P0081,2024-10-21,2024-10-27,15
PR00406,P0217,2024-10-21,2024-10-27,15
PR00407,P0075,2024-10-21,2024-10-27,20
PR00408,P0027,2024-10-21,2024-10-27,20
PR00409,P0132,2024-10-28,2024-11-03,15
PR00410,P0219,2024-10-28,2024-11-03,15
PR00411,P0196,2024-10-28,2024-11-03,10
PR00412,P0268,2024-10-28,2024-11-03,20
PR00413,P0214,2024-10-28,2024-11-03,10
PR00414,P0222,2024-10-28,2024-11-03,15
PR00415,P0229,2024-10-28,2024-11-03,25
PR00416,P0041,2024-10-28,2024-11-03,15
PR00417,P0062,2024-10-28,2024-11-03,15
PR00418,P0099,2024-10-28,2024-11-03,10
PR00419,P0052,2024-10-28,2024-11-03,10
PR00420,P0082,2024-10-28,2024-11-03,10
PR00421,P0204,2024-10-28,2024-11-03,20
PR00422,P0034,2024-10-28,2024-11-03,20
PR00423,P0139,2024-10-28,2024-11-03,10
PR00424,P0278,2024-10-28,2024-11-03,10
PR00425,P0112,2024-10-28,2024-11-03,10
PR00426,P0121,2024-10-28,2024-11-03,15
PR00427,P0048,2024-10-28,2024-11-03,15
PR00428,P0087,2024-10-28,2024-11-03,20
PR00429,P0085,2024-10-28,2024-11-03,25
PR00430,P0235,2024-10-28,2024-11-03,10
PR00431,P0036,2024-10-28,2024-11-03,20
PR00432,P0172,2024-10-28,2024-11-03,15
PR00433,P0086,2024-11-04,2024-11-10,15
PR00434,P0170,2024-11-04,2024-11-10,20
PR00435,P0131,2024-11-04,2024-11-10,25
PR00436,P0151,2024-11-04,2024-11-10,20
PR00437,P0190,2024-11-04,2024-11-10,15
PR00438,P0264,2024-11-04,2024-11-10,15
PR00439,P0088,2024-11-04,2024-11-10,15
PR00440,P0255,2024-11-04,2024-11-10,15
PR00441,P0092,2024-11-04,2024-11-10,10
PR00442,P0263,2024-11-04,2024-11-10,15
PR00443,P0094,2024-11-04,2024-11-10,20
PR00444,P0102,2024-11-04,2024-11-10,20
PR00445,P0297,2024-11-04,2024-11-10,20
PR00446,P0209,2024-11-04,2024-11-10,15
PR00447,P0150,2024-11-04,2024-11-10,15
PR00448,P0015,2024-11-04,2024-11-10,10
PR00449,P0027,2024-11-04,2024-11-10,15
PR00450,P0244,2024-11-04,2024-11-10,15
PR00451,P0182,2024-11-04,2024-11-10,10
PR00452,P0231,2024-11-04,2024-11-10,10
PR00453,P0142,2024-11-04,2024-11-10,20
PR00454,P0229,2024-11-04,2024-11-10,15
PR00455,P0273,2024-11-04,2024-11-10,15
PR00456,P0203,2024-11-04,2024-11-10,10
PR00457,P0133,2024-11-11,2024-11-17,20
PR00458,P0151,2024-11-11,2024-11-17,15
PR00459,P0199,2024-11-11,2024-11-17,15
PR00460,P0158,2024-11-11,2024-11-17,25
PR00461,P0119,2024-11-11,2024-11-17,20
PR00462,P0016,2024-11-11,2024-11-17,20
PR00463,P0137,2024-11-11,2024-11-17,20
PR00464,P0191,2024-11-11,2024-11-17,10
PR00465,P0002,2024-11-11,2024-11-17,20
PR00466,P0068,2024-11-11,2024-11-17,15
PR00467,P0084,2024-11-11,2024-11-17,25
PR00468,P0135,2024-11-11,2024-11-17,20
PR00469,P0011,2024-11-11,2024-11-17,10
PR00470,P0134,2024-11-11,2024-11-17,10
PR00471,P0021,2024-11-11,2024-11-17,10
PR00472,P0062,2024-11-11,2024-11-17,15
PR00473,P0197,2024-11-11,2024-11-17,10
PR00474,P0124,2024-11-11,2024-11-17,20
PR00475,P0144,2024-11-11,2024-11-17,15
PR00476,P0263,2024-11-11,2024-11-17,20
PR00477,P0093,2024-11-11,2024-11-17,10
PR00478,P0166,2024-11-11,2024-11-17,15
PR00479,P0204,2024-11-11,2024-11-17,10
PR00480,P0156,2024-11-11,2024-11-17,20
PR00481,P0056,2024-11-18,2024-11-24,10
PR00482,P0009,2024-11-18,2024-11-24,10
PR00483,P0267,2024-11-18,2024-11-24,10
PR00484,P0134,2024-11-18,2024-11-24,20
PR00485,P0031,2024-11-18,2024-11-24,15
PR00486,P0027,2024-11-18,2024-11-24,10
PR00487,P0020,2024-11-18,2024-11-24,15
PR00488,P0217,2024-11-18,2024-11-24,10
PR00489,P0177,2024-11-18,2024-11-24,25
PR00490,P0029,2024-11-18,2024-11-24,10
PR00491,P0160,2024-11-18,2024-11-24,20
PR00492,P0187,2024-11-18,2024-11-24,20
PR00493,P0250,2024-11-18,2024-11-24,10
PR00494,P0223,2024-11-18,2024-11-24,10
PR00495,P0220,2024-11-18,2024-11-24,15
PR00496,P0061,2024-11-18,2024-11-24,20
PR00497,P0019,2024-11-18,2024-11-24,15
PR00498,P0192,2024-11-18,2024-11-24,20
PR00499,P0242,2024-11-18,2024-11-24,20
PR00500,P0049,2024-11-18,2024-11-24,20
PR00501,P0229,2024-11-18,2024-11-24,15
PR00502,P0058,2024-11-18,2024-11-24,15
PR00503,P0068,2024-11-18,2024-11-24,20
PR00504,P0201,2024-11-18,2024-11-24,10
PR00505,P0004,2024-11-25,2024-12-01,20
PR00506,P0172,2024-11-25,2024-12-01,25
PR00507,P0128,2024-11-25,2024-12-01,15
PR00508,P0045,2024-11-25,2024-12-01,20
PR00509,P0021,2024-11-25,2024-12-01,20
PR00510,P0229,2024-11-25,2024-12-01,10
PR00511,P0239,2024-11-25,2024-12-01,10
PR00512,P0006,2024-11-25,2024-12-01,15
PR00513,P0250,2024-11-25,2024-12-01,20
PR00514,P0156,2024-11-25,2024-12-01,10
PR00515,P0098,2024-11-25,2024-12-01,20
PR00516,P0079,2024-11-25,2024-12-01,10
PR00517,P0134,2024-11-25,2024-12-01,15
PR00518,P0088,2024-11-25,2024-12-01,15
PR00519,P0056,2024-11-25,2024-12-01,10
PR00520,P0055,2024-11-25,2024-12-01,20
PR00521,P0044,2024-11-25,2024-12-01,10
PR00522,P0005,2024-11-25,2024-12-01,25
PR00523,P0010,2024-11-25,2024-12-01,10
PR00524,P0276,2024-11-25,2024-12-01,25
PR00525,P0201,2024-11-25,2024-12-01,15
PR00526,P0252,2024-11-25,2024-12-01,10
PR00527,P0169,2024-11-25,2024-12-01,10
PR00528,P0081,2024-11-25,2024-12-01,10
PR00529,P0095,2024-12-02,2024-12-08,20
PR00530,P0004,2024-12-02,2024-12-08,20
PR00531,P0296,2024-12-02,2024-12-08,15
PR00532,P0127,2024-12-02,2024-12-08,20
PR00533,P0210,2024-12-02,2024-12-08,15
PR00534,P0164,2024-12-02,2024-12-08,15
PR00535,P0114,2024-12-02,2024-12-08,10
PR00536,P0087,2024-12-02,2024-12-08,10
PR00537,P0239,2024-12-02,2024-12-08,15
PR00538,P0218,2024-12-02,2024-12-08,10
PR00539,P0105,2024-12-02,2024-12-08,20
PR00540,P0287,2024-12-02,2024-12-08,20
PR00541,P0056,2024-12-02,2024-12-08,25
PR00542,P0074,2024-12-02,2024-12-08,10
PR00543,P0169,2024-12-02,2024-12-08,25
PR00544,P0212,2024-12-02,2024-12-08,10
PR00545,P0138,2024-12-02,2024-12-08,15
PR00546,P0200,2024-12-02,2024-12-08,20
PR00547,P0059,2024-12-02,2024-12-08,10
PR00548,P0227,2024-12-02,2024-12-08,10
PR00549,P0154,2024-12-02,2024-12-08,10
PR00550,P0050,2024-12-02,2024-12-08,15
PR00551,P0145,2024-12-02,2024-12-08,20
PR00552,P0116,2024-12-02,2024-12-08,10
PR00553,P0259,2024-12-09,2024-12-15,20
PR00554,P0165,2024-12-09,2024-12-15,10
PR00555,P0209,2024-12-09,2024-12-15,15
PR00556,P0035,2024-12-09,2024-12-15,15
PR00557,P0021,2024-12-09,2024-12-15,10
PR00558,P0192,2024-12-09,2024-12-15,15
PR00559,P0286,2024-12-09,2024-12-15,10
PR00560,P0298,2024-12-09,2024-12-15,10
PR00561,P0055,2024-12-09,2024-12-15,15
PR00562,P0293,2024-12-09,2024-12-15,10
PR00563,P0067,2024-12-09,2024-12-15,15
PR00564,P0024,2024-12-09,2024-12-15,10
PR00565,P0099,2024-12-09,2024-12-15,20
PR00566,P0246,2024-12-09,2024-12-15,10
PR00567,P0153,2024-12-09,2024-12-15,20
PR00568,P0300,2024-12-09,2024-12-15,10
PR00569,P0256,2024-12-09,2024-12-15,15
PR00570,P0222,2024-12-09,2024-12-15,10
PR00571,P0160,2024-12-09,2024-12-15,10
PR00572,P0131,2024-12-09,2024-12-15,15
PR00573,P0273,2024-12-09,2024-12-15,20
PR00574,P0005,2024-12-09,2024-12-15,25
PR00575,P0132,2024-12-09,2024-12-15,10
PR00576,P0213,2024-12-09,2024-12-15,10
PR00577,P0057,2024-12-16,2024-12-22,20
PR00578,P0105,2024-12-16,2024-12-22,10
PR00579,P0076,2024-12-16,2024-12-22,10
PR00580,P0201,2024-12-16,2024-12-22,20
PR00581,P0254,2024-12-16,2024-12-22,15
PR00582,P0149,2024-12-16,2024-12-22,10
PR00583,P0189,2024-12-16,2024-12-22,10
PR00584,P0042,2024-12-16,2024-12-22,15
PR00585,P0163,2024-12-16,2024-12-22,10
PR00586,P0234,2024-12-16,2024-12-22,10
PR00587,P0047,2024-12-16,2024-12-22,15
PR00588,P0035,2024-12-16,2024-12-22,10
PR00589,P0160,2024-12-16,2024-12-22,15
PR00590,P0100,2024-12-16,2024-12-22,15
PR00591,P0216,2024-12-16,2024-12-22,10
PR00592,P0015,2024-12-16,2024-12-22,10
PR00593,P0152,2024-12-16,2024-12-22,10
PR00594,P0224,2024-12-16,2024-12-22,10
PR00595,P0229,2024-12-16,2024-12-22,10
PR00596,P0072,2024-12-16,2024-12-22,25
PR00597,P0129,2024-12-16,2024-12-22,20
PR00598,P0054,2024-12-16,2024-12-22,15
PR00599,P0131,2024-12-16,2024-12-22,15
PR00600,P0180,2024-12-16,2024-12-22,15
PR00601,P0224,2024-12-23,2024-12-29,20
PR00602,P0115,2024-12-23,2024-12-29,15
PR00603,P0045,2024-12-23,2024-12-29,15
PR00604,P0204,2024-12-23,2024-12-29,10
PR00605,P0012,2024-12-23,2024-12-29,25
PR00606,P0296,2024-12-23,2024-12-29,10
PR00607,P0067,2024-12-23,2024-12-29,10
PR00608,P0087,2024-12-23,2024-12-29,10
PR00609,P0033,2024-12-23,2024-12-29,20
PR00610,P0088,2024-12-23,2024-12-29,25
PR00611,P0108,2024-12-23,2024-12-29,10
PR00612,P0099,2024-12-23,2024-12-29,25
PR00613,P0149,2024-12-23,2024-12-29,10
PR00614,P0256,2024-12-23,2024-12-29,15
PR00615,P0268,2024-12-23,2024-12-29,10
PR00616,P0166,2024-12-23,2024-12-29,15
PR00617,P0131,2024-12-23,2024-12-29,20
PR00618,P0137,2024-12-23,2024-12-29,15
PR00619,P0232,2024-12-23,2024-12-29,10
PR00620,P0015,2024-12-23,2024-12-29,20
PR00621,P0198,2024-12-23,2024-12-29,25
PR00622,P0091,2024-12-23,2024-12-29,15
PR00623,P0084,2024-12-23,2024-12-29,15
PR00624,P0080,2024-12-23,2024-12-29,20
PR00625,P0174,2024-12-30,2025-01-05,10
PR00626,P0112,2024-12-30,2025-01-05,20
PR00627,P0063,2024-12-30,2025-01-05,10
PR00628,P0154,2024-12-30,2025-01-05,15
PR00629,P0255,2024-12-30,2025-01-05,15
PR00630,P0222,2024-12-30,2025-01-05,20
PR00631,P0251,2024-12-30,2025-01-05,10
PR00632,P0155,2024-12-30,2025-01-05,10
PR00633,P0297,2024-12-30,2025-01-05,10
PR00634,P0221,2024-12-30,2025-01-05,15
PR00635,P0080,2024-12-30,2025-01-05,10
PR00636,P0002,2024-12-30,2025-01-05,20
PR00637,P0295,2024-12-30,2025-01-05,10
PR00638,P0093,2024-12-30,2025-01-05,10
PR00639,P0084,2024-12-30,2025-01-05,15
PR00640,P0068,2024-12-30,2025-01-05,20
PR00641,P0291,2024-12-30,2025-01-05,20
PR00642,P0243,2024-12-30,2025-01-05,20
PR00643,P0033,2024-12-30,2025-01-05,15
PR00644,P0082,2024-12-30,2025-01-05,20
PR00645,P0220,2024-12-30,2025-01-05,20
PR00646,P0032,2024-12-30,2025-01-05,10
PR00647,P0051,2024-12-30,2025-01-05,15
PR00648,P0198,2024-12-30,2025-01-05,20
PR00649,P0137,2025-01-06,2025-01-12,10
PR00650,P0109,2025-01-06,2025-01-12,20
PR00651,P0056,2025-01-06,2025-01-12,20
PR00652,P0273,2025-01-06,2025-01-12,20
PR00653,P0042,2025-01-06,2025-01-12,10
PR00654,P0030,2025-01-06,2025-01-12,20
PR00655,P0122,2025-01-06,2025-01-12,25
PR00656,P0115,2025-01-06,2025-01-12,10
PR00657,P0193,2025-01-06,2025-01-12,10
PR00658,P0089,2025-01-06,2025-01-12,20
PR00659,P0242,2025-01-06,2025-01-12,10
PR00660,P0144,2025-01-06,2025-01-12,20
PR00661,P0178,2025-01-06,2025-01-12,20
PR00662,P0252,2025-01-06,2025-01-12,10
PR00663,P0015,2025-01-06,2025-01-12,15
PR00664,P0009,2025-01-06,2025-01-12,15
PR00665,P0006,2025-01-06,2025-01-12,10
PR00666,P0184,2025-01-06,2025-01-12,20
PR00667,P0033,2025-01-06,2025-01-12,10
PR00668,P0143,2025-01-06,2025-01-12,15
PR00669,P0172,2025-01-06,2025-01-12,20
PR00670,P0026,2025-01-06,2025-01-12,10
PR00671,P0206,2025-01-06,2025-01-12,20
PR00672,P0125,2025-01-06,2025-01-12,10
PR00673,P0292,2025-01-13,2025-01-19,25
PR00674,P0056,2025-01-13,2025-01-19,20
PR00675,P0158,2025-01-13,2025-01-19,20
PR00676,P0283,2025-01-13,2025-01-19,10
PR00677,P0270,2025-01-13,2025-01-19,20
PR00678,P0149,2025-01-13,2025-01-19,10
PR00679,P0244,2025-01-13,2025-01-19,10
PR00680,P0225,2025-01-13,2025-01-19,25
PR00681,P0126,2025-01-13,2025-01-19,20
PR00682,P0165,2025-01-13,2025-01-19,10
PR00683,P0192,2025-01-13,2025-01-19,20
PR00684,P0266,2025-01-13,2025-01-19,15
PR00685,P0195,2025-01-13,2025-01-19,10
PR00686,P0137,2025-01-13,2025-01-19,10
PR00687,P0021,2025-01-13,2025-01-19,10
PR00688,P0188,2025-01-13,2025-01-19,15
PR00689,P0022,2025-01-13,2025-01-19,15
PR00690,P0231,2025-01-13,2025-01-19,15
PR00691,P0290,2025-01-13,2025-01-19,10
PR00692,P0298,2025-01-13,2025-01-19,25
PR00693,P0214,2025-01-13,2025-01-19,15
PR00694,P0271,2025-01-13,2025-01-19,20
PR00695,P0282,2025-01-13,2025-01-19,10
PR00696,P0297,2025-01-13,2025-01-19,15
PR00697,P0078,2025-01-20,2025-01-26,15
PR00698,P0192,2025-01-20,2025-01-26,20
PR00699,P0105,2025-01-20,2025-01-26,20
PR00700,P0181,2025-01-20,2025-01-26,10
PR00701,P0044,2025-01-20,2025-01-26,10
PR00702,P0076,2025-01-20,2025-01-26,15
PR00703,P0285,2025-01-20,2025-01-26,20
PR00704,P0051,2025-01-20,2025-01-26,20
PR00705,P0130,2025-01-20,2025-01-26,10
PR00706,P0020,2025-01-20,2025-01-26,15
PR00707,P0207,2025-01-20,2025-01-26,10
PR00708,P0095,2025-01-20,2025-01-26,20
PR00709,P0135,2025-01-20,2025-01-26,25
PR00710,P0056,2025-01-20,2025-01-26,15
PR00711,P0156,2025-01-20,2025-01-26,10
PR00712,P0256,2025-01-20,2025-01-26,15
PR00713,P0237,2025-01-20,2025-01-26,15
PR00714,P0255,2025-01-20,2025-01-26,20
PR00715,P0079,2025-01-20,2025-01-26,10
PR00716,P0093,2025-01-20,2025-01-26,20
PR00717,P0016,2025-01-20,2025-01-26,10
PR00718,P0102,2025-01-20,2025-01-26,10
PR00719,P0244,2025-01-20,2025-01-26,10
PR00720,P0080,2025-01-20,2025-01-26,10
PR00721,P0185,2025-01-27,2025-02-02,15
PR00722,P0254,2025-01-27,2025-02-02,15
PR00723,P0014,2025-01-27,2025-02-02,20
PR00724,P0038,2025-01-27,2025-02-02,25
PR00725,P0079,2025-01-27,2025-02-02,15
PR00726,P0293,2025-01-27,2025-02-02,10
PR00727,P0225,2025-01-27,2025-02-02,15
PR00728,P0023,2025-01-27,2025-02-02,10
PR00729,P0276,2025-01-27,2025-02-02,10
PR00730,P0191,2025-01-27,2025-02-02,10
PR00731,P0011,2025-01-27,2025-02-02,15
PR00732,P0101,2025-01-27,2025-02-02,10
PR00733,P0283,2025-01-27,2025-02-02,10
PR00734,P0220,2025-01-27,2025-02-02,20
PR00735,P0202,2025-01-27,2025-02-02,10
PR00736,P0228,2025-01-27,2025-02-02,15
PR00737,P0209,2025-01-27,2025-02-02,25
PR00738,P0300,2025-01-27,2025-02-02,15
PR00739,P0232,2025-01-27,2025-02-02,10
PR00740,P0297,2025-01-27,2025-02-02,10
PR00741,P0041,2025-01-27,2025-02-02,15
PR00742,P0238,2025-01-27,2025-02-02,15
PR00743,P0117,2025-01-27,2025-02-02,10
PR00744,P0032,2025-01-27,2025-02-02,15
PR00745,P0178,2025-02-03,2025-02-09,10
PR00746,P0286,2025-02-03,2025-02-09,10
PR00747,P0038,2025-02-03,2025-02-09,15
PR00748,P0018,2025-02-03,2025-02-09,15
PR00749,P0274,2025-02-03,2025-02-09,20
PR00750,P0048,2025-02-03,2025-02-09,10
PR00751,P0228,2025-02-03,2025-02-09,10
PR00752,P0205,2025-02-03,2025-02-09,15
PR00753,P0298,2025-02-03,2025-02-09,15
PR00754,P0174,2025-02-03,2025-02-09,15
PR00755,P0209,2025-02-03,2025-02-09,25
PR00756,P0052,2025-02-03,2025-02-09,15
PR00757,P0076,2025-02-03,2025-02-09,15
PR00758,P0111,2025-02-03,2025-02-09,25
PR00759,P0152,2025-02-03,2025-02-09,10
PR00760,P0097,2025-02-03,2025-02-09,25
PR00761,P0233,2025-02-03,2025-02-09,15
PR00762,P0073,2025-02-03,2025-02-09,15
PR00763,P0220,2025-02-03,2025-02-09,25
PR00764,P0094,2025-02-03,2025-02-09,15
PR00765,P0121,2025-02-03,2025-02-09,15
PR00766,P0273,2025-02-03,2025-02-09,10
PR00767,P0291,2025-02-03,2025-02-09,20
PR00768,P0020,2025-02-03,2025-02-09,15
PR00769,P0182,2025-02-10,2025-02-16,10
PR00770,P0144,2025-02-10,2025-02-16,25
PR00771,P0013,2025-02-10,2025-02-16,10
PR00772,P0275,2025-02-10,2025-02-16,10
PR00773,P0005,2025-02-10,2025-02-16,10
PR00774,P0185,2025-02-10,2025-02-16,15
PR00775,P0205,2025-02-10,2025-02-16,20
PR00776,P0154,2025-02-10,2025-02-16,20
PR00777,P0022,2025-02-10,2025-02-16,15
PR00778,P0231,2025-02-10,2025-02-16,10
PR00779,P0025,2025-02-10,2025-02-16,10
PR00780,P0060,2025-02-10,2025-02-16,15
PR00781,P0129,2025-02-10,2025-02-16,20
PR00782,P0197,2025-02-10,2025-02-16,20
PR00783,P0083,2025-02-10,2025-02-16,15
PR00784,P0074,2025-02-10,2025-02-16,15
PR00785,P0002,2025-02-10,2025-02-16,15
PR00786,P0199,2025-02-10,2025-02-16,15
PR00787,P0127,2025-02-10,2025-02-16,15
PR00788,P0139,2025-02-10,2025-02-16,20
PR00789,P0224,2025-02-10,2025-02-16,15
PR00790,P0230,2025-02-10,2025-02-16,25
PR00791,P0113,2025-02-10,2025-02-16,15
PR00792,P0290,2025-02-10,2025-02-16,10
PR00793,P0250,2025-02-17,2025-02-23,10
PR00794,P0138,2025-02-17,2025-02-23,20
PR00795,P0110,2025-02-17,2025-02-23,15
PR00796,P0282,2025-02-17,2025-02-23,10
PR00797,P0066,2025-02-17,2025-02-23,15
PR00798,P0194,2025-02-17,2025-02-23,15
PR00799,P0080,2025-02-17,2025-02-23,10
PR00800,P0130,2025-02-17,2025-02-23,10
PR00801,P0153,2025-02-17,2025-02-23,20
PR00802,P0054,2025-02-17,2025-02-23,10
PR00803,P0120,2025-02-17,2025-02-23,20
PR00804,P0158,2025-02-17,2025-02-23,10
PR00805,P0257,2025-02-17,2025-02-23,20
PR00806,P0293,2025-02-17,2025-02-23,20
PR00807,P0005,2025-02-17,2025-02-23,10
PR00808,P0141,2025-02-17,2025-02-23,10
PR00809,P0062,2025-02-17,2025-02-23,25
PR00810,P0206,2025-02-17,2025-02-23,15
PR00811,P0202,2025-02-17,2025-02-23,15
PR00812,P0122,2025-02-17,2025-02-23,10
PR00813,P0207,2025-02-17,2025-02-23,10
PR00814,P0289,2025-02-17,2025-02-23,15
PR00815,P0088,2025-02-17,2025-02-23,20
PR00816,P0103,2025-02-17,2025-02-23,10
PR00817,P0186,2025-02-24,2025-03-02,20
PR00818,P0154,2025-02-24,2025-03-02,15
PR00819,P0059,2025-02-24,2025-03-02,25
PR00820,P0260,2025-02-24,2025-03-02,10
PR00821,P0185,2025-02-24,2025-03-02,10
PR00822,P0073,2025-02-24,2025-03-02,15
PR00823,P0069,2025-02-24,2025-03-02,10
PR00824,P0240,2025-02-24,2025-03-02,20
PR00825,P0127,2025-02-24,2025-03-02,15
PR00826,P0300,2025-02-24,2025-03-02,10
PR00827,P0156,2025-02-24,2025-03-02,15
PR00828,P0206,2025-02-24,2025-03-02,20
PR00829,P0216,2025-02-24,2025-03-02,20
PR00830,P0114,2025-02-24,2025-03-02,15
PR00831,P0175,2025-02-24,2025-03-02,10
PR00832,P0102,2025-02-24,2025-03-02,10
PR00833,P0170,2025-02-24,2025-03-02,20
PR00834,P0033,2025-02-24,2025-03-02,20
PR00835,P0212,2025-02-24,2025-03-02,15
PR00836,P0128,2025-02-24,2025-03-02,20
PR00837,P0256,2025-02-24,2025-03-02,10
PR00838,P0072,2025-02-24,2025-03-02,20
PR00839,P0266,2025-02-24,2025-03-02,10
PR00840,P0084,2025-02-24,2025-03-02,10
PR00841,P0061,2025-03-03,2025-03-09,15
PR00842,P0270,2025-03-03,2025-03-09,10
PR00843,P0031,2025-03-03,2025-03-09,15
PR00844,P0108,2025-03-03,2025-03-09,20
PR00845,P0257,2025-03-03,2025-03-09,15
PR00846,P0234,2025-03-03,2025-03-09,10
PR00847,P0248,2025-03-03,2025-03-09,20
PR00848,P0116,2025-03-03,2025-03-09,10
PR00849,P0217,2025-03-03,2025-03-09,15
PR00850,P0130,2025-03-03,2025-03-09,25
PR00851,P0172,2025-03-03,2025-03-09,15
PR00852,P0093,2025-03-03,2025-03-09,20
PR00853,P0109,2025-03-03,2025-03-09,15
PR00854,P0030,2025-03-03,2025-03-09,20
PR00855,P0197,2025-03-03,2025-03-09,20
PR00856,P0121,2025-03-03,2025-03-09,20
PR00857,P0195,2025-03-03,2025-03-09,10
PR00858,P0219,2025-03-03,2025-03-09,20
PR00859,P0012,2025-03-03,2025-03-09,10
PR00860,P0019,2025-03-03,2025-03-09,25
PR00861,P0049,2025-03-03,2025-03-09,10
PR00862,P0294,2025-03-03,2025-03-09,10
PR00863,P0035,2025-03-03,2025-03-09,20
PR00864,P0267,2025-03-03,2025-03-09,10
PR00865,P0095,2025-03-10,2025-03-16,10
PR00866,P0046,2025-03-10,2025-03-16,10
PR00867,P0188,2025-03-10,2025-03-16,10
PR00868,P0071,2025-03-10,2025-03-16,10
PR00869,P0063,2025-03-10,2025-03-16,15
PR00870,P0003,2025-03-10,2025-03-16,10
PR00871,P0140,2025-03-10,2025-03-16,25
PR00872,P0006,2025-03-10,2025-03-16,10
PR00873,P0173,2025-03-10,2025-03-16,10
PR00874,P0164,2025-03-10,2025-03-16,20
PR00875,P0010,2025-03-10,2025-03-16,20
PR00876,P0023,2025-03-10,2025-03-16,15
PR00877,P0187,2025-03-10,2025-03-16,15
PR00878,P0045,2025-03-10,2025-03-16,10
PR00879,P0019,2025-03-10,2025-03-16,10
PR00880,P0004,2025-03-10,2025-03-16,15
PR00881,P0185,2025-03-10,2025-03-16,15
PR00882,P0062,2025-03-10,2025-03-16,15
PR00883,P0199,2025-03-10,2025-03-16,10
PR00884,P0201,2025-03-10,2025-03-16,20
PR00885,P0101,2025-03-10,2025-03-16,20
PR00886,P0109,2025-03-10,2025-03-16,10
PR00887,P0100,2025-03-10,2025-03-16,10
PR00888,P0069,2025-03-10,2025-03-16,15
PR00889,P0063,2025-03-17,2025-03-23,10
PR00890,P0068,2025-03-17,2025-03-23,10
PR00891,P0295,2025-03-17,2025-03-23,20
PR00892,P0182,2025-03-17,2025-03-23,10
PR00893,P0059,2025-03-17,2025-03-23,15
PR00894,P0060,2025-03-17,2025-03-23,15
PR00895,P0238,2025-03-17,2025-03-23,10
PR00896,P0183,2025-03-17,2025-03-23,20
PR00897,P0216,2025-03-17,2025-03-23,10
PR00898,P0283,2025-03-17,2025-03-23,20
PR00899,P0193,2025-03-17,2025-03-23,20
PR00900,P0232,2025-03-17,2025-03-23,10
PR00901,P0222,2025-03-17,2025-03-23,10
PR00902,P0154,2025-03-17,2025-03-23,10
PR00903,P0020,2025-03-17,2025-03-23,15
PR00904,P0256,2025-03-17,2025-03-23,10
PR00905,P0199,2025-03-17,2025-03-23,25
PR00906,P0213,2025-03-17,2025-03-23,10
PR00907,P0152,2025-03-17,2025-03-23,20
PR00908,P0115,2025-03-17,2025-03-23,10
PR00909,P0087,2025-03-17,2025-03-23,25
PR00910,P0023,2025-03-17,2025-03-23,10
PR00911,P0236,2025-03-17,2025-03-23,15
PR00912,P0177,2025-03-17,2025-03-23,15
PR00913,P0034,2025-03-24,2025-03-30,10
PR00914,P0129,2025-03-24,2025-03-30,10
PR00915,P0090,2025-03-24,2025-03-30,20
PR00916,P0158,2025-03-24,2025-03-30,10
PR00917,P0201,2025-03-24,2025-03-30,15
PR00918,P0048,2025-03-24,2025-03-30,15
PR00919,P0282,2025-03-24,2025-03-30,10
PR00920,P0163,2025-03-24,2025-03-30,25
PR00921,P0063,2025-03-24,2025-03-30,15
PR00922,P0151,2025-03-24,2025-03-30,20
PR00923,P0147,2025-03-24,2025-03-30,15
PR00924,P0213,2025-03-24,2025-03-30,25
PR00925,P0050,2025-03-24,2025-03-30,10
PR00926,P0078,2025-03-24,2025-03-30,15
PR00927,P0156,2025-03-24,2025-03-30,20
PR00928,P0229,2025-03-24,2025-03-30,10
PR00929,P0155,2025-03-24,2025-03-30,15
PR00930,P0268,2025-03-24,2025-03-30,25
PR00931,P0277,2025-03-24,2025-03-30,15
PR00932,P0214,2025-03-24,2025-03-30,20
PR00933,P0017,2025-03-24,2025-03-30,15
PR00934,P0044,2025-03-24,2025-03-30,20
PR00935,P0174,2025-03-24,2025-03-30,20
PR00936,P0016,2025-03-24,2025-03-30,15
PR00937,P0104,2025-03-31,2025-04-06,15
PR00938,P0236,2025-03-31,2025-04-06,10
PR00939,P0184,2025-03-31,2025-04-06,15
PR00940,P0169,2025-03-31,2025-04-06,10
PR00941,P0288,2025-03-31,2025-04-06,25
PR00942,P0127,2025-03-31,2025-04-06,25
PR00943,P0202,2025-03-31,2025-04-06,10
PR00944,P0239,2025-03-31,2025-04-06,10
PR00945,P0174,2025-03-31,2025-04-06,10
PR00946,P0248,2025-03-31,2025-04-06,15
PR00947,P0007,2025-03-31,2025-04-06,20
PR00948,P0226,2025-03-31,2025-04-06,15
PR00949,P0084,2025-03-31,2025-04-06,10
PR00950,P0130,2025-03-31,2025-04-06,10
PR00951,P0048,2025-03-31,2025-04-06,10
PR00952,P0063,2025-03-31,2025-04-06,20
PR00953,P0190,2025-03-31,2025-04-06,15
PR00954,P0150,2025-03-31,2025-04-06,15
PR00955,P0136,2025-03-31,2025-04-06,10
PR00956,P0083,2025-03-31,2025-04-06,25
PR00957,P0228,2025-03-31,2025-04-06,10
PR00958,P0052,2025-03-31,2025-04-06,20
PR00959,P0212,2025-03-31,2025-04-06,20
PR00960,P0247,2025-03-31,2025-04-06,15
PR00961,P0280,2025-04-07,2025-04-13,20
PR00962,P0092,2025-04-07,2025-04-13,10
PR00963,P0078,2025-04-07,2025-04-13,10
PR00964,P0030,2025-04-07,2025-04-13,10
PR00965,P0124,2025-04-07,2025-04-13,10
PR00966,P0186,2025-04-07,2025-04-13,10
PR00967,P0162,2025-04-07,2025-04-13,15
PR00968,P0249,2025-04-07,2025-04-13,15
PR00969,P0063,2025-04-07,2025-04-13,20
PR00970,P0156,2025-04-07,2025-04-13,15
PR00971,P0019,2025-04-07,2025-04-13,10
PR00972,P0042,2025-04-07,2025-04-13,20
PR00973,P0104,2025-04-07,2025-04-13,10
PR00974,P0015,2025-04-07,2025-04-13,20
PR00975,P0096,2025-04-07,2025-04-13,10
PR00976,P0136,2025-04-07,2025-04-13,15
PR00977,P0025,2025-04-07,2025-04-13,20
PR00978,P0002,2025-04-07,2025-04-13,15
PR00979,P0215,2025-04-07,2025-04-13,15
PR00980,P0298,2025-04-07,2025-04-13,20
PR00981,P0175,2025-04-07,2025-04-13,10
PR00982,P0187,2025-04-07,2025-04-13,20
PR00983,P0024,2025-04-07,2025-04-13,20
PR00984,P0091,2025-04-07,2025-04-13,25
PR00985,P0051,2025-04-14,2025-04-20,10
PR00986,P0050,2025-04-14,2025-04-20,10
PR00987,P0214,2025-04-14,2025-04-20,15
PR00988,P0174,2025-04-14,2025-04-20,10
PR00989,P0060,2025-04-14,2025-04-20,10
PR00990,P0135,2025-04-14,2025-04-20,15
PR00991,P0190,2025-04-14,2025-04-20,15
PR00992,P0200,2025-04-14,2025-04-20,10
PR00993,P0212,2025-04-14,2025-04-20,10
PR00994,P0097,2025-04-14,2025-04-20,10
PR00995,P0006,2025-04-14,2025-04-20,10
PR00996,P0074,2025-04-14,2025-04-20,20
PR00997,P0284,2025-04-14,2025-04-20,25
PR00998,P0242,2025-04-14,2025-04-20,15
PR00999,P0124,2025-04-14,2025-04-20,15
PR01000,P0101,2025-04-14,2025-04-20,20
PR01001,P0291,2025-04-14,2025-04-20,15
PR01002,P0155,2025-04-14,2025-04-20,10
PR01003,P0109,2025-04-14,2025-04-20,10
PR01004,P0294,2025-04-14,2025-04-20,15
PR01005,P0087,2025-04-14,2025-04-20,15
PR01006,P0187,2025-04-14,2025-04-20,10
PR01007,P0076,2025-04-14,2025-04-20,10
PR01008,P0016,2025-04-14,2025-04-20,10
PR01009,P0019,2025-04-21,2025-04-27,20
PR01010,P0030,2025-04-21,2025-04-27,25
PR01011,P0250,2025-04-21,2025-04-27,15
PR01012,P0058,2025-04-21,2025-04-27,25
PR01013,P0133,2025-04-21,2025-04-27,20
PR01014,P0185,2025-04-21,2025-04-27,20
PR01015,P0192,2025-04-21,2025-04-27,20
PR01016,P0158,2025-04-21,2025-04-27,15
PR01017,P0073,2025-04-21,2025-04-27,20
PR01018,P0243,2025-04-21,2025-04-27,15
PR01019,P0013,2025-04-21,2025-04-27,20
PR01020,P0130,2025-04-21,2025-04-27,10
PR01021,P0140,2025-04-21,2025-04-27,20
PR01022,P0239,2025-04-21,2025-04-27,25
PR01023,P0276,2025-04-21,2025-04-27,10
PR01024,P0115,2025-04-21,2025-04-27,25
PR01025,P0077,2025-04-21,2025-04-27,15
PR01026,P0226,2025-04-21,2025-04-27,10
PR01027,P0119,2025-04-21,2025-04-27,10
PR01028,P0145,2025-04-21,2025-04-27,20
PR01029,P0202,2025-04-21,2025-04-27,15
PR01030,P0240,2025-04-21,2025-04-27,10
PR01031,P0012,2025-04-21,2025-04-27,15
PR01032,P0027,2025-04-21,2025-04-27,10
PR01033,P0283,2025-04-28,2025-05-04,10
PR01034,P0022,2025-04-28,2025-05-04,15
PR01035,P0077,2025-04-28,2025-05-04,10
PR01036,P0112,2025-04-28,2025-05-04,25
PR01037,P0187,2025-04-28,2025-05-04,15
PR01038,P0177,2025-04-28,2025-05-04,10
PR01039,P0028,2025-04-28,2025-05-04,10
PR01040,P0071,2025-04-28,2025-05-04,15
PR01041,P0165,2025-04-28,2025-05-04,20
PR01042,P0226,2025-04-28,2025-05-04,10
PR01043,P0168,2025-04-28,2025-05-04,10
PR01044,P0126,2025-04-28,2025-05-04,10
PR01045,P0184,2025-04-28,2025-05-04,15
PR01046,P0243,2025-04-28,2025-05-04,25
PR01047,P0218,2025-04-28,2025-05-04,15
PR01048,P0093,2025-04-28,2025-05-04,10
PR01049,P0220,2025-04-28,2025-05-04,20
PR01050,P0082,2025-04-28,2025-05-04,20
PR01051,P0190,2025-04-28,2025-05-04,10
PR01052,P0091,2025-04-28,2025-05-04,10
PR01053,P0152,2025-04-28,2025-05-04,15
PR01054,P0268,2025-04-28,2025-05-04,20
PR01055,P0287,2025-04-28,2025-05-04,20
PR01056,P0246,2025-04-28,2025-05-04,20
PR01057,P0296,2025-05-05,2025-05-11,10
PR01058,P0075,2025-05-05,2025-05-11,25
PR01059,P0176,2025-05-05,2025-05-11,20
PR01060,P0205,2025-05-05,2025-05-11,25
PR01061,P0110,2025-05-05,2025-05-11,15
PR01062,P0231,2025-05-05,2025-05-11,20
PR01063,P0066,2025-05-05,2025-05-11,20
PR01064,P0096,2025-05-05,2025-05-11,10
PR01065,P0229,2025-05-05,2025-05-11,10
PR01066,P0078,2025-05-05,2025-05-11,25
PR01067,P0198,2025-05-05,2025-05-11,10
PR01068,P0013,2025-05-05,2025-05-11,15
PR01069,P0038,2025-05-05,2025-05-11,20
PR01070,P0246,2025-05-05,2025-05-11,20
PR01071,P0087,2025-05-05,2025-05-11,10
PR01072,P0222,2025-05-05,2025-05-11,20
PR01073,P0213,2025-05-05,2025-05-11,10
PR01074,P0062,2025-05-05,2025-05-11,20
PR01075,P0289,2025-05-05,2025-05-11,10
PR01076,P0204,2025-05-05,2025-05-11,20
PR01077,P0021,2025-05-05,2025-05-11,20
PR01078,P0249,2025-05-05,2025-05-11,10
PR01079,P0199,2025-05-05,2025-05-11,10
PR01080,P0168,2025-05-05,2025-05-11,20
PR01081,P0162,2025-05-12,2025-05-18,20
PR01082,P0129,2025-05-12,2025-05-18,10
PR01083,P0090,2025-05-12,2025-05-18,20
PR01084,P0136,2025-05-12,2025-05-18,10
PR01085,P0183,2025-05-12,2025-05-18,10
PR01086,P0123,2025-05-12,2025-05-18,20
PR01087,P0094,2025-05-12,2025-05-18,15
PR01088,P0036,2025-05-12,2025-05-18,10
PR01089,P0093,2025-05-12,2025-05-18,25
PR01090,P0240,2025-05-12,2025-05-18,10
PR01091,P0127,2025-05-12,2025-05-18,15
PR01092,P0184,2025-05-12,2025-05-18,15
PR01093,P0285,2025-05-12,2025-05-18,15
PR01094,P0114,2025-05-12,2025-05-18,20
PR01095,P0128,2025-05-12,2025-05-18,10
PR01096,P0056,2025-05-12,2025-05-18,25
PR01097,P0054,2025-05-12,2025-05-18,15
PR01098,P0113,2025-05-12,2025-05-18,25
PR01099,P0061,2025-05-12,2025-05-18,20
PR01100,P0022,2025-05-12,2025-05-18,25
PR01101,P0024,2025-05-12,2025-05-18,15
PR01102,P0002,2025-05-12,2025-05-18,15
PR01103,P0266,2025-05-12,2025-05-18,15
PR01104,P0083,2025-05-12,2025-05-18,20
PR01105,P0205,2025-05-19,2025-05-25,15
PR01106,P0289,2025-05-19,2025-05-25,10
PR01107,P0243,2025-05-19,2025-05-25,10
PR01108,P0103,2025-05-19,2025-05-25,20
PR01109,P0075,2025-05-19,2025-05-25,10
PR01110,P0111,2025-05-19,2025-05-25,10
PR01111,P0119,2025-05-19,2025-05-25,20
PR01112,P0236,2025-05-19,2025-05-25,10
PR01113,P0038,2025-05-19,2025-05-25,20
PR01114,P0221,2025-05-19,2025-05-25,20
PR01115,P0022,2025-05-19,2025-05-25,10
PR01116,P0220,2025-05-19,2025-05-25,15
PR01117,P0001,2025-05-19,2025-05-25,10
PR01118,P0088,2025-05-19,2025-05-25,15
PR01119,P0048,2025-05-19,2025-05-25,10
PR01120,P0014,2025-05-19,2025-05-25,25
PR01121,P0059,2025-05-19,2025-05-25,10
PR01122,P0046,2025-05-19,2025-05-25,20
PR01123,P0085,2025-05-19,2025-05-25,10
PR01124,P0136,2025-05-19,2025-05-25,10
PR01125,P0239,2025-05-19,2025-05-25,15
PR01126,P0026,2025-05-19,2025-05-25,15
PR01127,P0144,2025-05-19,2025-05-25,25
PR01128,P0272,2025-05-19,2025-05-25,10
PR01129,P0262,2025-05-26,2025-06-01,20
PR01130,P0093,2025-05-26,2025-06-01,15
PR01131,P0252,2025-05-26,2025-06-01,10
PR01132,P0224,2025-05-26,2025-06-01,15
PR01133,P0266,2025-05-26,2025-06-01,20
PR01134,P0111,2025-05-26,2025-06-01,15
PR01135,P0238,2025-05-26,2025-06-01,10
PR01136,P0025,2025-05-26,2025-06-01,15
PR01137,P0274,2025-05-26,2025-06-01,15
PR01138,P0255,2025-05-26,2025-06-01,10
PR01139,P0221,2025-05-26,2025-06-01,10
PR01140,P0050,2025-05-26,2025-06-01,25
PR01141,P0001,2025-05-26,2025-06-01,10
PR01142,P0042,2025-05-26,2025-06-01,10
PR01143,P0199,2025-05-26,2025-06-01,10
PR01144,P0121,2025-05-26,2025-06-01,15
PR01145,P0183,2025-05-26,2025-06-01,15
PR01146,P0099,2025-05-26,2025-06-01,10
PR01147,P0104,2025-05-26,2025-06-01,15
PR01148,P0185,2025-05-26,2025-06-01,20
PR01149,P0075,2025-05-26,2025-06-01,10
PR01150,P0009,2025-05-26,2025-06-01,25
PR01151,P0149,2025-05-26,2025-06-01,10
PR01152,P0264,2025-05-26,2025-06-01,10
PR01153,P0149,2025-06-02,2025-06-08,15
PR01154,P0266,2025-06-02,2025-06-08,10
PR01155,P0244,2025-06-02,2025-06-08,20
PR01156,P0120,2025-06-02,2025-06-08,20
PR01157,P0001,2025-06-02,2025-06-08,10
PR01158,P0065,2025-06-02,2025-06-08,10
PR01159,P0206,2025-06-02,2025-06-08,20
PR01160,P0135,2025-06-02,2025-06-08,10
PR01161,P0097,2025-06-02,2025-06-08,25
PR01162,P0088,2025-06-02,2025-06-08,15
PR01163,P0133,2025-06-02,2025-06-08,10
PR01164,P0220,2025-06-02,2025-06-08,10
PR01165,P0227,2025-06-02,2025-06-08,25
PR01166,P0111,2025-06-02,2025-06-08,10
PR01167,P0233,2025-06-02,2025-06-08,20
PR01168,P0180,2025-06-02,2025-06-08,10
PR01169,P0241,2025-06-02,2025-06-08,10
PR01170,P0239,2025-06-02,2025-06-08,20
PR01171,P0143,2025-06-02,2025-06-08,10
PR01172,P0037,2025-06-02,2025-06-08,10
PR01173,P0100,2025-06-02,2025-06-08,15
PR01174,P0110,2025-06-02,2025-06-08,20
PR01175,P0223,2025-06-02,2025-06-08,10
PR01176,P0247,2025-06-02,2025-06-08,10
PR01177,P0171,2025-06-09,2025-06-15,15
PR01178,P0168,2025-06-09,2025-06-15,15
PR01179,P0241,2025-06-09,2025-06-15,10
PR01180,P0030,2025-06-09,2025-06-15,20
PR01181,P0157,2025-06-09,2025-06-15,25
PR01182,P0279,2025-06-09,2025-06-15,15
PR01183,P0095,2025-06-09,2025-06-15,15
PR01184,P0134,2025-06-09,2025-06-15,10
PR01185,P0275,2025-06-09,2025-06-15,15
PR01186,P0066,2025-06-09,2025-06-15,15
PR01187,P0211,2025-06-09,2025-06-15,20
PR01188,P0018,2025-06-09,2025-06-15,10
PR01189,P0218,2025-06-09,2025-06-15,20
PR01190,P0215,2025-06-09,2025-06-15,10
PR01191,P0191,2025-06-09,2025-06-15,20
PR01192,P0283,2025-06-09,2025-06-15,15
PR01193,P0062,2025-06-09,2025-06-15,10
PR01194,P0212,2025-06-09,2025-06-15,15
PR01195,P0021,2025-06-09,2025-06-15,20
PR01196,P0112,2025-06-09,2025-06-15,15
PR01197,P0133,2025-06-09,2025-06-15,10
PR01198,P0201,2025-06-09,2025-06-15,15
PR01199,P0173,2025-06-09,2025-06-15,10
PR01200,P0206,2025-06-09,2025-06-15,15
PR01201,P0220,2025-06-16,2025-06-22,10
PR01202,P0186,2025-06-16,2025-06-22,15
PR01203,P0034,2025-06-16,2025-06-22,10
PR01204,P0247,2025-06-16,2025-06-22,20
PR01205,P0003,2025-06-16,2025-06-22,15
PR01206,P0022,2025-06-16,2025-06-22,15
PR01207,P0288,2025-06-16,2025-06-22,15
PR01208,P0213,2025-06-16,2025-06-22,10
PR01209,P0209,2025-06-16,2025-06-22,10
PR01210,P0097,2025-06-16,2025-06-22,25
PR01211,P0070,2025-06-16,2025-06-22,20
PR01212,P0171,2025-06-16,2025-06-22,10
PR01213,P0045,2025-06-16,2025-06-22,20
PR01214,P0257,2025-06-16,2025-06-22,15
PR01215,P0053,2025-06-16,2025-06-22,10
PR01216,P0125,2025-06-16,2025-06-22,15
PR01217,P0046,2025-06-16,2025-06-22,10
PR01218,P0177,2025-06-16,2025-06-22,10
PR01219,P0089,2025-06-16,2025-06-22,20
PR01220,P0259,2025-06-16,2025-06-22,10
PR01221,P0172,2025-06-16,2025-06-22,20
PR01222,P0017,2025-06-16,2025-06-22,20
PR01223,P0124,2025-06-16,2025-06-22,20
PR01224,P0024,2025-06-16,2025-06-22,15
PR01225,P0178,2025-06-23,2025-06-29,20
PR01226,P0192,2025-06-23,2025-06-29,10
PR01227,P0065,2025-06-23,2025-06-29,10
PR01228,P0168,2025-06-23,2025-06-29,25
PR01229,P0260,2025-06-23,2025-06-29,20
PR01230,P0156,2025-06-23,2025-06-29,10
PR01231,P0258,2025-06-23,2025-06-29,20
PR01232,P0259,2025-06-23,2025-06-29,10
PR01233,P0287,2025-06-23,2025-06-29,10
PR01234,P0249,2025-06-23,2025-06-29,20
PR01235,P0110,2025-06-23,2025-06-29,15
PR01236,P0169,2025-06-23,2025-06-29,15
PR01237,P0222,2025-06-23,2025-06-29,25
PR01238,P0243,2025-06-23,2025-06-29,20
PR01239,P0179,2025-06-23,2025-06-29,10
PR01240,P0162,2025-06-23,2025-06-29,15
PR01241,P0157,2025-06-23,2025-06-29,20
PR01242,P0161,2025-06-23,2025-06-29,15
PR01243,P0084,2025-06-23,2025-06-29,25
PR01244,P0148,2025-06-23,2025-06-29,20
PR01245,P0112,2025-06-23,2025-06-29,10
PR01246,P0048,2025-06-23,2025-06-29,10
PR01247,P0114,2025-06-23,2025-06-29,20
PR01248,P0102,2025-06-23,2025-06-29,25
PR01249,P0207,2025-06-30,2025-07-06,20
PR01250,P0090,2025-06-30,2025-07-06,20
PR01251,P0226,2025-06-30,2025-07-06,20
PR01252,P0019,2025-06-30,2025-07-06,10
PR01253,P0216,2025-06-30,2025-07-06,10
PR01254,P0028,2025-06-30,2025-07-06,25
PR01255,P0088,2025-06-30,2025-07-06,25
PR01256,P0036,2025-06-30,2025-07-06,25
PR01257,P0256,2025-06-30,2025-07-06,10
PR01258,P0020,2025-06-30,2025-07-06,15
PR01259,P0192,2025-06-30,2025-07-06,20
PR01260,P0193,2025-06-30,2025-07-06,20
PR01261,P0293,2025-06-30,2025-07-06,10
PR01262,P0093,2025-06-30,2025-07-06,15
PR01263,P0096,2025-06-30,2025-07-06,10
PR01264,P0123,2025-06-30,2025-07-06,15
PR01265,P0258,2025-06-30,2025-07-06,10
PR01266,P0271,2025-06-30,2025-07-06,10
PR01267,P0289,2025-06-30,2025-07-06,10
PR01268,P0272,2025-06-30,2025-07-06,25
PR01269,P0294,2025-06-30,2025-07-06,20
PR01270,P0233,2025-06-30,2025-07-06,25
PR01271,P0094,2025-06-30,2025-07-06,15
PR01272,P0029,2025-06-30,2025-07-06,15
PR01273,P0212,2025-07-07,2025-07-13,15
PR01274,P0254,2025-07-07,2025-07-13,20
PR01275,P0234,2025-07-07,2025-07-13,20
PR01276,P0235,2025-07-07,2025-07-13,10
PR01277,P0174,2025-07-07,2025-07-13,10
PR01278,P0201,2025-07-07,2025-07-13,20
PR01279,P0012,2025-07-07,2025-07-13,15
PR01280,P0046,2025-07-07,2025-07-13,15
PR01281,P0178,2025-07-07,2025-07-13,25
PR01282,P0155,2025-07-07,2025-07-13,20
PR01283,P0182,2025-07-07,2025-07-13,15
PR01284,P0230,2025-07-07,2025-07-13,15
PR01285,P0108,2025-07-07,2025-07-13,15
PR01286,P0283,2025-07-07,2025-07-13,20
PR01287,P0100,2025-07-07,2025-07-13,15
PR01288,P0206,2025-07-07,2025-07-13,15
PR01289,P0071,2025-07-07,2025-07-13,20
PR01290,P0095,2025-07-07,2025-07-13,20
PR01291,P0237,2025-07-07,2025-07-13,20
PR01292,P0263,2025-07-07,2025-07-13,10
PR01293,P0066,2025-07-07,2025-07-13,20
PR01294,P0287,2025-07-07,2025-07-13,15
PR01295,P0213,2025-07-07,2025-07-13,10
PR01296,P0245,2025-07-07,2025-07-13,20
PR01297,P0249,2025-07-14,2025-07-20,15
PR01298,P0200,2025-07-14,2025-07-20,15
PR01299,P0119,2025-07-14,2025-07-20,10
PR01300,P0141,2025-07-14,2025-07-20,15
PR01301,P0086,2025-07-14,2025-07-20,10
PR01302,P0214,2025-07-14,2025-07-20,10
PR01303,P0142,2025-07-14,2025-07-20,15
PR01304,P0058,2025-07-14,2025-07-20,15
PR01305,P0138,2025-07-14,2025-07-20,20
PR01306,P0091,2025-07-14,2025-07-20,25
PR01307,P0136,2025-07-14,2025-07-20,10
PR01308,P0052,2025-07-14,2025-07-20,10
PR01309,P0204,2025-07-14,2025-07-20,20
PR01310,P0224,2025-07-14,2025-07-20,25
PR01311,P0110,2025-07-14,2025-07-20,20
PR01312,P0089,2025-07-14,2025-07-20,10
PR01313,P0120,2025-07-14,2025-07-20,10
PR01314,P0071,2025-07-14,2025-07-20,10
PR01315,P0170,2025-07-14,2025-07-20,20
PR01316,P0035,2025-07-14,2025-07-20,15
PR01317,P0291,2025-07-14,2025-07-20,15
PR01318,P0096,2025-07-14,2025-07-20,15
PR01319,P0147,2025-07-14,2025-07-20,10
PR01320,P0102,2025-07-14,2025-07-20,15
PR01321,P0239,2025-07-21,2025-07-27,15
PR01322,P0196,2025-07-21,2025-07-27,10
PR01323,P0182,2025-07-21,2025-07-27,10
PR01324,P0180,2025-07-21,2025-07-27,10
PR01325,P0282,2025-07-21,2025-07-27,20
PR01326,P0209,2025-07-21,2025-07-27,10
PR01327,P0107,2025-07-21,2025-07-27,25
PR01328,P0037,2025-07-21,2025-07-27,15
PR01329,P0190,2025-07-21,2025-07-27,15
PR01330,P0136,2025-07-21,2025-07-27,20
PR01331,P0087,2025-07-21,2025-07-27,10
PR01332,P0064,2025-07-21,2025-07-27,20
PR01333,P0243,2025-07-21,2025-07-27,10
PR01334,P0058,2025-07-21,2025-07-27,20
PR01335,P0208,2025-07-21,2025-07-27,15
PR01336,P0038,2025-07-21,2025-07-27,10
PR01337,P0166,2025-07-21,2025-07-27,20
PR01338,P0192,2025-07-21,2025-07-27,10
PR01339,P0174,2025-07-21,2025-07-27,10
PR01340,P0167,2025-07-21,2025-07-27,20
PR01341,P0159,2025-07-21,2025-07-27,15
PR01342,P0081,2025-07-21,2025-07-27,20
PR01343,P0096,2025-07-21,2025-07-27,15
PR01344,P0009,2025-07-21,2025-07-27,15
PR01345,P0038,2025-07-28,2025-08-03,10
PR01346,P0235,2025-07-28,2025-08-03,10
PR01347,P0088,2025-07-28,2025-08-03,10
PR01348,P0259,2025-07-28,2025-08-03,15
PR01349,P0237,2025-07-28,2025-08-03,10
PR01350,P0082,2025-07-28,2025-08-03,15
PR01351,P0079,2025-07-28,2025-08-03,20
PR01352,P0190,2025-07-28,2025-08-03,20
PR01353,P0073,2025-07-28,2025-08-03,20
PR01354,P0030,2025-07-28,2025-08-03,15
PR01355,P0152,2025-07-28,2025-08-03,10
PR01356,P0077,2025-07-28,2025-08-03,20
PR01357,P0231,2025-07-28,2025-08-03,10
PR01358,P0283,2025-07-28,2025-08-03,10
PR01359,P0158,2025-07-28,2025-08-03,10
PR01360,P0203,2025-07-28,2025-08-03,20
PR01361,P0272,2025-07-28,2025-08-03,15
PR01362,P0261,2025-07-28,2025-08-03,20
PR01363,P0163,2025-07-28,2025-08-03,10
PR01364,P0214,2025-07-28,2025-08-03,15
PR01365,P0161,2025-07-28,2025-08-03,15
PR01366,P0174,2025-07-28,2025-08-03,10
PR01367,P0159,2025-07-28,2025-08-03,15
PR01368,P0181,2025-07-28,2025-08-03,15
PR01369,P0024,2025-08-04,2025-08-10,20
PR01370,P0067,2025-08-04,2025-08-10,15
PR01371,P0153,2025-08-04,2025-08-10,15
PR01372,P0205,2025-08-04,2025-08-10,20
PR01373,P0298,2025-08-04,2025-08-10,10
PR01374,P0232,2025-08-04,2025-08-10,20
PR01375,P0022,2025-08-04,2025-08-10,15
PR01376,P0005,2025-08-04,2025-08-10,10
PR01377,P0072,2025-08-04,2025-08-10,15
PR01378,P0246,2025-08-04,2025-08-10,25
PR01379,P0223,2025-08-04,2025-08-10,15
PR01380,P0145,2025-08-04,2025-08-10,10
PR01381,P0091,2025-08-04,2025-08-10,20
PR01382,P0090,2025-08-04,2025-08-10,25
PR01383,P0023,2025-08-04,2025-08-10,25
PR01384,P0069,2025-08-04,2025-08-10,15
PR01385,P0294,2025-08-04,2025-08-10,15
PR01386,P0042,2025-08-04,2025-08-10,15
PR01387,P0119,2025-08-04,2025-08-10,20
PR01388,P0047,2025-08-04,2025-08-10,20
PR01389,P0045,2025-08-04,2025-08-10,20
PR01390,P0286,2025-08-04,2025-08-10,15
PR01391,P0089,2025-08-04,2025-08-10,10
PR01392,P0190,2025-08-04,2025-08-10,15
PR01393,P0051,2025-08-11,2025-08-17,10
PR01394,P0004,2025-08-11,2025-08-17,25
PR01395,P0143,2025-08-11,2025-08-17,10
PR01396,P0109,2025-08-11,2025-08-17,15
PR01397,P0041,2025-08-11,2025-08-17,15
PR01398,P0154,2025-08-11,2025-08-17,10
PR01399,P0272,2025-08-11,2025-08-17,10
PR01400,P0141,2025-08-11,2025-08-17,25
PR01401,P0162,2025-08-11,2025-08-17,20
PR01402,P0187,2025-08-11,2025-08-17,25
PR01403,P0037,2025-08-11,2025-08-17,10
PR01404,P0249,2025-08-11,2025-08-17,10
PR01405,P0285,2025-08-11,2025-08-17,15
PR01406,P0175,2025-08-11,2025-08-17,15
PR01407,P0113,2025-08-11,2025-08-17,10
PR01408,P0226,2025-08-11,2025-08-17,20
PR01409,P0028,2025-08-11,2025-08-17,25
PR01410,P0245,2025-08-11,2025-08-17,15
PR01411,P0222,2025-08-11,2025-08-17,15
PR01412,P0280,2025-08-11,2025-08-17,15
PR01413,P0018,2025-08-11,2025-08-17,10
PR01414,P0298,2025-08-11,2025-08-17,10
PR01415,P0044,2025-08-11,2025-08-17,15
PR01416,P0207,2025-08-11,2025-08-17,15
PR01417,P0105,2025-08-18,2025-08-24,20
PR01418,P0239,2025-08-18,2025-08-24,15
PR01419,P0121,2025-08-18,2025-08-24,15
PR01420,P0237,2025-08-18,2025-08-24,15
PR01421,P0153,2025-08-18,2025-08-24,10
PR01422,P0011,2025-08-18,2025-08-24,20
PR01423,P0039,2025-08-18,2025-08-24,10
PR01424,P0189,2025-08-18,2025-08-24,10
PR01425,P0167,2025-08-18,2025-08-24,15
PR01426,P0042,2025-08-18,2025-08-24,10
PR01427,P0220,2025-08-18,2025-08-24,10
PR01428,P0192,2025-08-18,2025-08-24,20
PR01429,P0043,2025-08-18,2025-08-24,15
PR01430,P0085,2025-08-18,2025-08-24,10
PR01431,P0270,2025-08-18,2025-08-24,10
PR01432,P0075,2025-08-18,2025-08-24,20
PR01433,P0218,2025-08-18,2025-08-24,10
PR01434,P0070,2025-08-18,2025-08-24,10
PR01435,P0262,2025-08-18,2025-08-24,15
PR01436,P0064,2025-08-18,2025-08-24,15
PR01437,P0033,2025-08-18,2025-08-24,25
PR01438,P0008,2025-08-18,2025-08-24,15
PR01439,P0263,2025-08-18,2025-08-24,10
PR01440,P0016,2025-08-18,2025-08-24,15
PR01441,P0110,2025-08-25,2025-08-31,20
PR01442,P0283,2025-08-25,2025-08-31,10
PR01443,P0289,2025-08-25,2025-08-31,10
PR01444,P0057,2025-08-25,2025-08-31,10
PR01445,P0007,2025-08-25,2025-08-31,10
PR01446,P0107,2025-08-25,2025-08-31,10
PR01447,P0210,2025-08-25,2025-08-31,15
PR01448,P0078,2025-08-25,2025-08-31,10
PR01449,P0125,2025-08-25,2025-08-31,10
PR01450,P0181,2025-08-25,2025-08-31,15
PR01451,P0001,2025-08-25,2025-08-31,20
PR01452,P0156,2025-08-25,2025-08-31,10
PR01453,P0039,2025-08-25,2025-08-31,10
PR01454,P0281,2025-08-25,2025-08-31,10
PR01455,P0212,2025-08-25,2025-08-31,25
PR01456,P0013,2025-08-25,2025-08-31,10
PR01457,P0070,2025-08-25,2025-08-31,10
PR01458,P0040,2025-08-25,2025-08-31,15
PR01459,P0151,2025-08-25,2025-08-31,10
PR01460,P0242,2025-08-25,2025-08-31,10
PR01461,P0157,2025-08-25,2025-08-31,10
PR01462,P0241,2025-08-25,2025-08-31,15
PR01463,P0178,2025-08-25,2025-08-31,15
PR01464,P0258,2025-08-25,2025-08-31,20
PR01465,P0084,2025-09-01,2025-09-07,20
PR01466,P0083,2025-09-01,2025-09-07,25
PR01467,P0249,2025-09-01,2025-09-07,15
PR01468,P0154,2025-09-01,2025-09-07,15
PR01469,P0220,2025-09-01,2025-09-07,15
PR01470,P0231,2025-09-01,2025-09-07,15
PR01471,P0105,2025-09-01,2025-09-07,25
PR01472,P0207,2025-09-01,2025-09-07,20
PR01473,P0232,2025-09-01,2025-09-07,15
PR01474,P0273,2025-09-01,2025-09-07,15
PR01475,P0205,2025-09-01,2025-09-07,15
PR01476,P0029,2025-09-01,2025-09-07,10
PR01477,P0063,2025-09-01,2025-09-07,15
PR01478,P0092,2025-09-01,2025-09-07,20
PR01479,P0058,2025-09-01,2025-09-07,20
PR01480,P0209,2025-09-01,2025-09-07,10
PR01481,P0164,2025-09-01,2025-09-07,20
PR01482,P0289,2025-09-01,2025-09-07,20
PR01483,P0216,2025-09-01,2025-09-07,10
PR01484,P0125,2025-09-01,2025-09-07,15
PR01485,P0135,2025-09-01,2025-09-07,15
PR01486,P0101,2025-09-01,2025-09-07,20
PR01487,P0260,2025-09-01,2025-09-07,10
PR01488,P0111,2025-09-01,2025-09-07,10
PR01489,P0087,2025-09-08,2025-09-14,20
PR01490,P0281,2025-09-08,2025-09-14,10
PR01491,P0016,2025-09-08,2025-09-14,15
PR01492,P0134,2025-09-08,2025-09-14,15
PR01493,P0166,2025-09-08,2025-09-14,10
PR01494,P0288,2025-09-08,2025-09-14,15
PR01495,P0030,2025-09-08,2025-09-14,10
PR01496,P0133,2025-09-08,2025-09-14,15
PR01497,P0043,2025-09-08,2025-09-14,10
PR01498,P0013,2025-09-08,2025-09-14,15
PR01499,P0045,2025-09-08,2025-09-14,10
PR01500,P0092,2025-09-08,2025-09-14,15
PR01501,P0147,2025-09-08,2025-09-14,15
PR01502,P0224,2025-09-08,2025-09-14,25
PR01503,P0279,2025-09-08,2025-09-14,15
PR01504,P0215,2025-09-08,2025-09-14,20
PR01505,P0149,2025-09-08,2025-09-14,10
PR01506,P0124,2025-09-08,2025-09-14,15
PR01507,P0118,2025-09-08,2025-09-14,10
PR01508,P0136,2025-09-08,2025-09-14,15
PR01509,P0056,2025-09-08,2025-09-14,20
PR01510,P0173,2025-09-08,2025-09-14,20
PR01511,P0148,2025-09-08,2025-09-14,15
PR01512,P0297,2025-09-08,2025-09-14,15
PR01513,P0011,2025-09-15,2025-09-21,15
PR01514,P0145,2025-09-15,2025-09-21,20
PR01515,P0184,2025-09-15,2025-09-21,10
PR01516,P0052,2025-09-15,2025-09-21,20
PR01517,P0248,2025-09-15,2025-09-21,10
PR01518,P0285,2025-09-15,2025-09-21,10
PR01519,P0120,2025-09-15,2025-09-21,15
PR01520,P0104,2025-09-15,2025-09-21,10
PR01521,P0148,2025-09-15,2025-09-21,15
PR01522,P0050,2025-09-15,2025-09-21,10
PR01523,P0055,2025-09-15,2025-09-21,10
PR01524,P0048,2025-09-15,2025-09-21,20
PR01525,P0281,2025-09-15,2025-09-21,10
PR01526,P0007,2025-09-15,2025-09-21,20
PR01527,P0271,2025-09-15,2025-09-21,20
PR01528,P0140,2025-09-15,2025-09-21,10
PR01529,P0071,2025-09-15,2025-09-21,20
PR01530,P0181,2025-09-15,2025-09-21,10
PR01531,P0074,2025-09-15,2025-09-21,15
PR01532,P0112,2025-09-15,2025-09-21,10
PR01533,P0225,2025-09-15,2025-09-21,20
PR01534,P0062,2025-09-15,2025-09-21,15
PR01535,P0041,2025-09-15,2025-09-21,15
PR01536,P0027,2025-09-15,2025-09-21,25
PR01537,P0186,2025-09-22,2025-09-28,25
PR01538,P0256,2025-09-22,2025-09-28,10
PR01539,P0233,2025-09-22,2025-09-28,20
PR01540,P0276,2025-09-22,2025-09-28,15
PR01541,P0250,2025-09-22,2025-09-28,15
PR01542,P0245,2025-09-22,2025-09-28,20
PR01543,P0290,2025-09-22,2025-09-28,15
PR01544,P0039,2025-09-22,2025-09-28,15
PR01545,P0033,2025-09-22,2025-09-28,10
PR01546,P0130,2025-09-22,2025-09-28,15
PR01547,P0264,2025-09-22,2025-09-28,20
PR01548,P0075,2025-09-22,2025-09-28,10
PR01549,P0093,2025-09-22,2025-09-28,15
PR01550,P0286,2025-09-22,2025-09-28,10
PR01551,P0237,2025-09-22,2025-09-28,20
PR01552,P0203,2025-09-22,2025-09-28,15
PR01553,P0104,2025-09-22,2025-09-28,15
PR01554,P0084,2025-09-22,2025-09-28,10
PR01555,P0260,2025-09-22,2025-09-28,15
PR01556,P0293,2025-09-22,2025-09-28,25
PR01557,P0273,2025-09-22,2025-09-28,15
PR01558,P0227,2025-09-22,2025-09-28,15
PR01559,P0141,2025-09-22,2025-09-28,20
PR01560,P0191,2025-09-22,2025-09-28,15
PR01561,P0095,2025-09-29,2025-10-05,15
PR01562,P0286,2025-09-29,2025-10-05,10
PR01563,P0235,2025-09-29,2025-10-05,15
PR01564,P0084,2025-09-29,2025-10-05,15
PR01565,P0043,2025-09-29,2025-10-05,10
PR01566,P0190,2025-09-29,2025-10-05,20
PR01567,P0151,2025-09-29,2025-10-05,15
PR01568,P0158,2025-09-29,2025-10-05,15
PR01569,P0166,2025-09-29,2025-10-05,10
PR01570,P0120,2025-09-29,2025-10-05,15
PR01571,P0204,2025-09-29,2025-10-05,20
PR01572,P0262,2025-09-29,2025-10-05,20
PR01573,P0130,2025-09-29,2025-10-05,10
PR01574,P0133,2025-09-29,2025-10-05,25
PR01575,P0074,2025-09-29,2025-10-05,20
PR01576,P0257,2025-09-29,2025-10-05,10
PR01577,P0289,2025-09-29,2025-10-05,10
PR01578,P0260,2025-09-29,2025-10-05,10
PR01579,P0126,2025-09-29,2025-10-05,20
PR01580,P0027,2025-09-29,2025-10-05,10
PR01581,P0098,2025-09-29,2025-10-05,15
PR01582,P0251,2025-09-29,2025-10-05,20
PR01583,P0287,2025-09-29,2025-10-05,20
PR01584,P0122,2025-09-29,2025-10-05,20
PR01585,P0148,2025-10-06,2025-10-12,10
PR01586,P0297,2025-10-06,2025-10-12,15
PR01587,P0298,2025-10-06,2025-10-12,10
PR01588,P0053,2025-10-06,2025-10-12,10
PR01589,P0248,2025-10-06,2025-10-12,20
PR01590,P0079,2025-10-06,2025-10-12,15
PR01591,P0282,2025-10-06,2025-10-12,25
PR01592,P0040,2025-10-06,2025-10-12,15
PR01593,P0113,2025-10-06,2025-10-12,10
PR01594,P0181,2025-10-06,2025-10-12,15
PR01595,P0059,2025-10-06,2025-10-12,10
PR01596,P0049,2025-10-06,2025-10-12,20
PR01597,P0291,2025-10-06,2025-10-12,20
PR01598,P0122,2025-10-06,2025-10-12,10
PR01599,P0114,2025-10-06,2025-10-12,15
PR01600,P0041,2025-10-06,2025-10-12,20
PR01601,P0095,2025-10-06,2025-10-12,20
PR01602,P0120,2025-10-06,2025-10-12,10
PR01603,P0171,2025-10-06,2025-10-12,10
PR01604,P0037,2025-10-06,2025-10-12,10
PR01605,P0162,2025-10-06,2025-10-12,15
PR01606,P0265,2025-10-06,2025-10-12,15
PR01607,P0185,2025-10-06,2025-10-12,10
PR01608,P0210,2025-10-06,2025-10-12,15
PR01609,P0185,2025-10-13,2025-10-19,20
PR01610,P0252,2025-10-13,2025-10-19,20
PR01611,P0089,2025-10-13,2025-10-19,15
PR01612,P0168,2025-10-13,2025-10-19,20
PR01613,P0112,2025-10-13,2025-10-19,15
PR01614,P0255,2025-10-13,2025-10-19,20
PR01615,P0147,2025-10-13,2025-10-19,10
PR01616,P0189,2025-10-13,2025-10-19,20
PR01617,P0165,2025-10-13,2025-10-19,20
PR01618,P0092,2025-10-13,2025-10-19,10
PR01619,P0251,2025-10-13,2025-10-19,15
PR01620,P0171,2025-10-13,2025-10-19,20
PR01621,P0273,2025-10-13,2025-10-19,10
PR01622,P0260,2025-10-13,2025-10-19,20
PR01623,P0148,2025-10-13,2025-10-19,25
PR01624,P0035,2025-10-13,2025-10-19,20
PR01625,P0222,2025-10-13,2025-10-19,15
PR01626,P0124,2025-10-13,2025-10-19,15
PR01627,P0267,2025-10-13,2025-10-19,25
PR01628,P0031,2025-10-13,2025-10-19,15
PR01629,P0209,2025-10-13,2025-10-19,10
PR01630,P0072,2025-10-13,2025-10-19,10
PR01631,P0170,2025-10-13,2025-10-19,20
PR01632,P0297,2025-10-13,2025-10-19,15
PR01633,P0260,2025-10-20,2025-10-26,15
PR01634,P0007,2025-10-20,2025-10-26,20
PR01635,P0098,2025-10-20,2025-10-26,20
PR01636,P0298,2025-10-20,2025-10-26,10
PR01637,P0296,2025-10-20,2025-10-26,25
PR01638,P0212,2025-10-20,2025-10-26,10
PR01639,P0249,2025-10-20,2025-10-26,15
PR01640,P0137,2025-10-20,2025-10-26,15
PR01641,P0075,2025-10-20,2025-10-26,20
PR01642,P0005,2025-10-20,2025-10-26,10
PR01643,P0196,2025-10-20,2025-10-26,10
PR01644,P0133,2025-10-20,2025-10-26,20
PR01645,P0134,2025-10-20,2025-10-26,10
PR01646,P0069,2025-10-20,2025-10-26,15
PR01647,P0002,2025-10-20,2025-10-26,20
PR01648,P0214,2025-10-20,2025-10-26,20
PR01649,P0118,2025-10-20,2025-10-26,10
PR01650,P0228,2025-10-20,2025-10-26,10
PR01651,P0267,2025-10-20,2025-10-26,25
PR01652,P0081,2025-10-20,2025-10-26,15
PR01653,P0290,2025-10-20,2025-10-26,10
PR01654,P0291,2025-10-20,2025-10-26,10
PR01655,P0028,2025-10-20,2025-10-26,10
PR01656,P0283,2025-10-20,2025-10-26,25
PR01657,P0225,2025-10-27,2025-11-02,10
PR01658,P0053,2025-10-27,2025-11-02,20
PR01659,P0008,2025-10-27,2025-11-02,10
PR01660,P0089,2025-10-27,2025-11-02,20
PR01661,P0133,2025-10-27,2025-11-02,10
PR01662,P0024,2025-10-27,2025-11-02,10
PR01663,P0079,2025-10-27,2025-11-02,15
PR01664,P0139,2025-10-27,2025-11-02,20
PR01665,P0037,2025-10-27,2025-11-02,10
PR01666,P0051,2025-10-27,2025-11-02,20
PR01667,P0067,2025-10-27,2025-11-02,10
PR01668,P0146,2025-10-27,2025-11-02,15
PR01669,P0084,2025-10-27,2025-11-02,15
PR01670,P0287,2025-10-27,2025-11-02,10
PR01671,P0085,2025-10-27,2025-11-02,25
PR01672,P0148,2025-10-27,2025-11-02,15
PR01673,P0076,2025-10-27,2025-11-02,20
PR01674,P0015,2025-10-27,2025-11-02,15
PR01675,P0004,2025-10-27,2025-11-02,15
PR01676,P0284,2025-10-27,2025-11-02,15
PR01677,P0151,2025-10-27,2025-11-02,20
PR01678,P0123,2025-10-27,2025-11-02,20
PR01679,P0091,2025-10-27,2025-11-02,15
PR01680,P0206,2025-10-27,2025-11-02,15
PR01681,P0222,2025-11-03,2025-11-09,10
PR01682,P0119,2025-11-03,2025-11-09,10
PR01683,P0169,2025-11-03,2025-11-09,15
PR01684,P0280,2025-11-03,2025-11-09,10
PR01685,P0279,2025-11-03,2025-11-09,10
PR01686,P0057,2025-11-03,2025-11-09,10
PR01687,P0144,2025-11-03,2025-11-09,10
PR01688,P0100,2025-11-03,2025-11-09,20
PR01689,P0054,2025-11-03,2025-11-09,10
PR01690,P0065,2025-11-03,2025-11-09,20
PR01691,P0278,2025-11-03,2025-11-09,10
PR01692,P0268,2025-11-03,2025-11-09,10
PR01693,P0122,2025-11-03,2025-11-09,10
PR01694,P0217,2025-11-03,2025-11-09,20
PR01695,P0126,2025-11-03,2025-11-09,10
PR01696,P0299,2025-11-03,2025-11-09,15
PR01697,P0103,2025-11-03,2025-11-09,10
PR01698,P0240,2025-11-03,2025-11-09,25
PR01699,P0181,2025-11-03,2025-11-09,10
PR01700,P0072,2025-11-03,2025-11-09,15
PR01701,P0075,2025-11-03,2025-11-09,20
PR01702,P0005,2025-11-03,2025-11-09,10
PR01703,P0177,2025-11-03,2025-11-09,10
PR01704,P0294,2025-11-03,2025-11-09,20
PR01705,P0197,2025-11-10,2025-11-16,15
PR01706,P0286,2025-11-10,2025-11-16,10
PR01707,P0060,2025-11-10,2025-11-16,10
PR01708,P0176,2025-11-10,2025-11-16,10
PR01709,P0077,2025-11-10,2025-11-16,25
PR01710,P0122,2025-11-10,2025-11-16,10
PR01711,P0188,2025-11-10,2025-11-16,20
PR01712,P0262,2025-11-10,2025-11-16,25
PR01713,P0004,2025-11-10,2025-11-16,20
PR01714,P0070,2025-11-10,2025-11-16,15
PR01715,P0068,2025-11-10,2025-11-16,15
PR01716,P0019,2025-11-10,2025-11-16,15
PR01717,P0111,2025-11-10,2025-11-16,15
PR01718,P0058,2025-11-10,2025-11-16,25
PR01719,P0152,2025-11-10,2025-11-16,20
PR01720,P0095,2025-11-10,2025-11-16,15
PR01721,P0207,2025-11-10,2025-11-16,10
PR01722,P0202,2025-11-10,2025-11-16,20
PR01723,P0285,2025-11-10,2025-11-16,10
PR01724,P0109,2025-11-10,2025-11-16,20
PR01725,P0001,2025-11-10,2025-11-16,10
PR01726,P0186,2025-11-10,2025-11-16,20
PR01727,P0170,2025-11-10,2025-11-16,20
PR01728,P0182,2025-11-10,2025-11-16,15
PR01729,P0193,2025-11-17,2025-11-23,20
PR01730,P0070,2025-11-17,2025-11-23,20
PR01731,P0054,2025-11-17,2025-11-23,15
PR01732,P0186,2025-11-17,2025-11-23,10
PR01733,P0104,2025-11-17,2025-11-23,10
PR01734,P0264,2025-11-17,2025-11-23,10
PR01735,P0100,2025-11-17,2025-11-23,20
PR01736,P0248,2025-11-17,2025-11-23,15
PR01737,P0092,2025-11-17,2025-11-23,10
PR01738,P0031,2025-11-17,2025-11-23,15
PR01739,P0139,2025-11-17,2025-11-23,25
PR01740,P0129,2025-11-17,2025-11-23,10
PR01741,P0199,2025-11-17,2025-11-23,15
PR01742,P0004,2025-11-17,2025-11-23,15
PR01743,P0011,2025-11-17,2025-11-23,10
PR01744,P0183,2025-11-17,2025-11-23,15
PR01745,P0138,2025-11-17,2025-11-23,15
PR01746,P0022,2025-11-17,2025-11-23,10
PR01747,P0126,2025-11-17,2025-11-23,10
PR01748,P0146,2025-11-17,2025-11-23,20
PR01749,P0294,2025-11-17,2025-11-23,10
PR01750,P0237,2025-11-17,2025-11-23,15
PR01751,P0041,2025-11-17,2025-11-23,15
PR01752,P0013,2025-11-17,2025-11-23,20
PR01753,P0011,2025-11-24,2025-11-30,10
PR01754,P0116,2025-11-24,2025-11-30,15
PR01755,P0021,2025-11-24,2025-11-30,15
PR01756,P0126,2025-11-24,2025-11-30,10
PR01757,P0237,2025-11-24,2025-11-30,10
PR01758,P0076,2025-11-24,2025-11-30,10
PR01759,P0290,2025-11-24,2025-11-30,10
PR01760,P0103,2025-11-24,2025-11-30,15
PR01761,P0113,2025-11-24,2025-11-30,15
PR01762,P0017,2025-11-24,2025-11-30,15
PR01763,P0149,2025-11-24,2025-11-30,20
PR01764,P0298,2025-11-24,2025-11-30,10
PR01765,P0207,2025-11-24,2025-11-30,10
PR01766,P0096,2025-11-24,2025-11-30,20
PR01767,P0009,2025-11-24,2025-11-30,25
PR01768,P0129,2025-11-24,2025-11-30,15
PR01769,P0241,2025-11-24,2025-11-30,10
PR01770,P0122,2025-11-24,2025-11-30,20
PR01771,P0110,2025-11-24,2025-11-30,20
PR01772,P0007,2025-11-24,2025-11-30,15
PR01773,P0174,2025-11-24,2025-11-30,10
PR01774,P0038,2025-11-24,2025-11-30,10
PR01775,P0114,2025-11-24,2025-11-30,15
PR01776,P0177,2025-11-24,2025-11-30,25
PR01777,P0237,2025-12-01,2025-12-07,20
PR01778,P0012,2025-12-01,2025-12-07,20
PR01779,P0138,2025-12-01,2025-12-07,20
PR01780,P0026,2025-12-01,2025-12-07,15
PR01781,P0102,2025-12-01,2025-12-07,10
PR01782,P0114,2025-12-01,2025-12-07,20
PR01783,P0288,2025-12-01,2025-12-07,15
PR01784,P0185,2025-12-01,2025-12-07,15
PR01785,P0137,2025-12-01,2025-12-07,15
PR01786,P0182,2025-12-01,2025-12-07,20
PR01787,P0155,2025-12-01,2025-12-07,10
PR01788,P0266,2025-12-01,2025-12-07,15
PR01789,P0227,2025-12-01,2025-12-07,10
PR01790,P0172,2025-12-01,2025-12-07,15
PR01791,P0292,2025-12-01,2025-12-07,20
PR01792,P0271,2025-12-01,2025-12-07,15
PR01793,P0007,2025-12-01,2025-12-07,15
PR01794,P0089,2025-12-01,2025-12-07,20
PR01795,P0140,2025-12-01,2025-12-07,20
PR01796,P0189,2025-12-01,2025-12-07,15
PR01797,P0017,2025-12-01,2025-12-07,25
PR01798,P0264,2025-12-01,2025-12-07,15
PR01799,P0103,2025-12-01,2025-12-07,20
PR01800,P0078,2025-12-01,2025-12-07,10
PR01801,P0144,2025-12-08,2025-12-14,15
PR01802,P0030,2025-12-08,2025-12-14,10
PR01803,P0080,2025-12-08,2025-12-14,10
PR01804,P0176,2025-12-08,2025-12-14,15
PR01805,P0008,2025-12-08,2025-12-14,25
PR01806,P0170,2025-12-08,2025-12-14,20
PR01807,P0096,2025-12-08,2025-12-14,20
PR01808,P0022,2025-12-08,2025-12-14,25
PR01809,P0283,2025-12-08,2025-12-14,20
PR01810,P0109,2025-12-08,2025-12-14,10
PR01811,P0037,2025-12-08,2025-12-14,15
PR01812,P0286,2025-12-08,2025-12-14,10
PR01813,P0291,2025-12-08,2025-12-14,10
PR01814,P0196,2025-12-08,2025-12-14,15
PR01815,P0114,2025-12-08,2025-12-14,10
PR01816,P0298,2025-12-08,2025-12-14,25
PR01817,P0184,2025-12-08,2025-12-14,25
PR01818,P0280,2025-12-08,2025-12-14,15
PR01819,P0207,2025-12-08,2025-12-14,20
PR01820,P0097,2025-12-08,2025-12-14,15
PR01821,P0293,2025-12-08,2025-12-14,10
PR01822,P0126,2025-12-08,2025-12-14,10
PR01823,P0056,2025-12-08,2025-12-14,10
PR01824,P0223,2025-12-08,2025-12-14,10
PR01825,P0025,2025-12-15,2025-12-21,15
PR01826,P0060,2025-12-15,2025-12-21,20
PR01827,P0170,2025-12-15,2025-12-21,25
PR01828,P0089,2025-12-15,2025-12-21,25
PR01829,P0026,2025-12-15,2025-12-21,15
PR01830,P0258,2025-12-15,2025-12-21,10
PR01831,P0094,2025-12-15,2025-12-21,15
PR01832,P0154,2025-12-15,2025-12-21,15
PR01833,P0202,2025-12-15,2025-12-21,15
PR01834,P0206,2025-12-15,2025-12-21,10
PR01835,P0166,2025-12-15,2025-12-21,10
PR01836,P0143,2025-12-15,2025-12-21,10
PR01837,P0013,2025-12-15,2025-12-21,10
PR01838,P0084,2025-12-15,2025-12-21,10
PR01839,P0032,2025-12-15,2025-12-21,25
PR01840,P0153,2025-12-15,2025-12-21,10
PR01841,P0282,2025-12-15,2025-12-21,15
PR01842,P0062,2025-12-15,2025-12-21,25
PR01843,P0194,2025-12-15,2025-12-21,15
PR01844,P0236,2025-12-15,2025-12-21,15
PR01845,P0288,2025-12-15,2025-12-21,20
PR01846,P0106,2025-12-15,2025-12-21,10
PR01847,P0104,2025-12-15,2025-12-21,15
PR01848,P0134,2025-12-15,2025-12-21,20
PR01849,P0022,2025-12-22,2025-12-28,25
PR01850,P0228,2025-12-22,2025-12-28,10
PR01851,P0181,2025-12-22,2025-12-28,20
PR01852,P0125,2025-12-22,2025-12-28,15
PR01853,P0215,2025-12-22,2025-12-28,20
PR01854,P0188,2025-12-22,2025-12-28,15
PR01855,P0264,2025-12-22,2025-12-28,20
PR01856,P0075,2025-12-22,2025-12-28,25
PR01857,P0217,2025-12-22,2025-12-28,15
PR01858,P0234,2025-12-22,2025-12-28,10
PR01859,P0222,2025-12-22,2025-12-28,10
PR01860,P0014,2025-12-22,2025-12-28,20
PR01861,P0275,2025-12-22,2025-12-28,15
PR01862,P0282,2025-12-22,2025-12-28,15
PR01863,P0106,2025-12-22,2025-12-28,15
PR01864,P0175,2025-12-22,2025-12-28,15
PR01865,P0105,2025-12-22,2025-12-28,20
PR01866,P0167,2025-12-22,2025-12-28,20
PR01867,P0241,2025-12-22,2025-12-28,20
PR01868,P0069,2025-12-22,2025-12-28,20
PR01869,P0194,2025-12-22,2025-12-28,20
PR01870,P0280,2025-12-22,2025-12-28,15
PR01871,P0208,2025-12-22,2025-12-28,25
PR01872,P0124,2025-12-22,2025-12-28,10
PR01873,P0010,2025-12-29,2026-01-04,10
PR01874,P0119,2025-12-29,2026-01-04,20
PR01875,P0245,2025-12-29,2026-01-04,20
PR01876,P0130,2025-12-29,2026-01-04,25
PR01877,P0085,2025-12-29,2026-01-04,25
PR01878,P0176,2025-12-29,2026-01-04,10
PR01879,P0171,2025-12-29,2026-01-04,20
PR01880,P0076,2025-12-29,2026-01-04,10
PR01881,P0120,2025-12-29,2026-01-04,15
PR01882,P0082,2025-12-29,2026-01-04,15
PR01883,P0231,2025-12-29,2026-01-04,10
PR01884,P0105,2025-12-29,2026-01-04,10
PR01885,P0264,2025-12-29,2026-01-04,10
PR01886,P0098,2025-12-29,2026-01-04,10
PR01887,P0277,2025-12-29,2026-01-04,10
PR01888,P0029,2025-12-29,2026-01-04,25
PR01889,P0041,2025-12-29,2026-01-04,15
PR01890,P0158,2025-12-29,2026-01-04,20
PR01891,P0201,2025-12-29,2026-01-04,20
PR01892,P0052,2025-12-29,2026-01-04,20
PR01893,P0106,2025-12-29,2026-01-04,15
PR01894,P0135,2025-12-29,2026-01-04,20
PR01895,P0071,2025-12-29,2026-01-04,20
PR01896,P0200,2025-12-29,2026-01-04,20
PR01897,P0235,2026-01-05,2026-01-11,10
PR01898,P0131,2026-01-05,2026-01-11,15
PR01899,P0252,2026-01-05,2026-01-11,15
PR01900,P0025,2026-01-05,2026-01-11,10
PR01901,P0293,2026-01-05,2026-01-11,15
PR01902,P0292,2026-01-05,2026-01-11,20
PR01903,P0145,2026-01-05,2026-01-11,10
PR01904,P0016,2026-01-05,2026-01-11,10
PR01905,P0160,2026-01-05,2026-01-11,10
PR01906,P0054,2026-01-05,2026-01-11,10
PR01907,P0241,2026-01-05,2026-01-11,10
PR01908,P0035,2026-01-05,2026-01-11,15
PR01909,P0156,2026-01-05,2026-01-11,10
PR01910,P0178,2026-01-05,2026-01-11,20
PR01911,P0001,2026-01-05,2026-01-11,20
PR01912,P0150,2026-01-05,2026-01-11,25
PR01913,P0254,2026-01-05,2026-01-11,20
PR01914,P0294,2026-01-05,2026-01-11,10
PR01915,P0022,2026-01-05,2026-01-11,10
PR01916,P0169,2026-01-05,2026-01-11,10
PR01917,P0274,2026-01-05,2026-01-11,25
PR01918,P0075,2026-01-05,2026-01-11,25
PR01919,P0215,2026-01-05,2026-01-11,15
PR01920,P0228,2026-01-05,2026-01-11,10
PR01921,P0276,2026-01-12,2026-01-18,10
PR01922,P0112,2026-01-12,2026-01-18,15
PR01923,P0037,2026-01-12,2026-01-18,20
PR01924,P0106,2026-01-12,2026-01-18,15
PR01925,P0092,2026-01-12,2026-01-18,10
PR01926,P0281,2026-01-12,2026-01-18,25
PR01927,P0124,2026-01-12,2026-01-18,10
PR01928,P0252,2026-01-12,2026-01-18,25
PR01929,P0152,2026-01-12,2026-01-18,20
PR01930,P0022,2026-01-12,2026-01-18,20
PR01931,P0063,2026-01-12,2026-01-18,20
PR01932,P0012,2026-01-12,2026-01-18,10
PR01933,P0122,2026-01-12,2026-01-18,15
PR01934,P0093,2026-01-12,2026-01-18,20
PR01935,P0263,2026-01-12,2026-01-18,20
PR01936,P0094,2026-01-12,2026-01-18,10
PR01937,P0175,2026-01-12,2026-01-18,10
PR01938,P0136,2026-01-12,2026-01-18,10
PR01939,P0277,2026-01-12,2026-01-18,15
PR01940,P0142,2026-01-12,2026-01-18,15
PR01941,P0116,2026-01-12,2026-01-18,20
PR01942,P0042,2026-01-12,2026-01-18,20
PR01943,P0082,2026-01-12,2026-01-18,20
PR01944,P0284,2026-01-12,2026-01-18,10
PR01945,P0172,2026-01-19,2026-01-25,20
PR01946,P0075,2026-01-19,2026-01-25,15
PR01947,P0192,2026-01-19,2026-01-25,10
PR01948,P0233,2026-01-19,2026-01-25,25
PR01949,P0300,2026-01-19,2026-01-25,20
PR01950,P0107,2026-01-19,2026-01-25,10
PR01951,P0095,2026-01-19,2026-01-25,25
PR01952,P0285,2026-01-19,2026-01-25,10
PR01953,P0023,2026-01-19,2026-01-25,15
PR01954,P0167,2026-01-19,2026-01-25,20
PR01955,P0003,2026-01-19,2026-01-25,10
PR01956,P0067,2026-01-19,2026-01-25,15
PR01957,P0061,2026-01-19,2026-01-25,20
PR01958,P0249,2026-01-19,2026-01-25,10
PR01959,P0098,2026-01-19,2026-01-25,15
PR01960,P0019,2026-01-19,2026-01-25,10
PR01961,P0014,2026-01-19,2026-01-25,20
PR01962,P0295,2026-01-19,2026-01-25,10
PR01963,P0235,2026-01-19,2026-01-25,10
PR01964,P0134,2026-01-19,2026-01-25,20
PR01965,P0240,2026-01-19,2026-01-25,10
PR01966,P0223,2026-01-19,2026-01-25,15
PR01967,P0080,2026-01-19,2026-01-25,20
PR01968,P0241,2026-01-19,2026-01-25,20
PR01969,P0062,2026-01-26,2026-02-01,10
PR01970,P0089,2026-01-26,2026-02-01,15
PR01971,P0219,2026-01-26,2026-02-01,10
PR01972,P0042,2026-01-26,2026-02-01,15
PR01973,P0102,2026-01-26,2026-02-01,15
PR01974,P0112,2026-01-26,2026-02-01,20
PR01975,P0296,2026-01-26,2026-02-01,15
PR01976,P0024,2026-01-26,2026-02-01,15
PR01977,P0205,2026-01-26,2026-02-01,10
PR01978,P0027,2026-01-26,2026-02-01,10
PR01979,P0210,2026-01-26,2026-02-01,25
PR01980,P0159,2026-01-26,2026-02-01,25
PR01981,P0097,2026-01-26,2026-02-01,10
PR01982,P0175,2026-01-26,2026-02-01,10
PR01983,P0164,2026-01-26,2026-02-01,15
PR01984,P0222,2026-01-26,2026-02-01,20
PR01985,P0243,2026-01-26,2026-02-01,15
PR01986,P0173,2026-01-26,2026-02-01,10
PR01987,P0009,2026-01-26,2026-02-01,15
PR01988,P0250,2026-01-26,2026-02-01,10
PR01989,P0272,2026-01-26,2026-02-01,10
PR01990,P0100,2026-01-26,2026-02-01,10
PR01991,P0217,2026-01-26,2026-02-01,20
PR01992,P0239,2026-01-26,2026-02-01,15
PR01993,P0117,2026-02-02,2026-02-08,20
PR01994,P0133,2026-02-02,2026-02-08,10
PR01995,P0207,2026-02-02,2026-02-08,20
PR01996,P0027,2026-02-02,2026-02-08,20
PR01997,P0075,2026-02-02,2026-02-08,10
PR01998,P0231,2026-02-02,2026-02-08,10
PR01999,P0088,2026-02-02,2026-02-08,10
PR02000,P0156,2026-02-02,2026-02-08,10
PR02001,P0019,2026-02-02,2026-02-08,15
PR02002,P0140,2026-02-02,2026-02-08,10
PR02003,P0194,2026-02-02,2026-02-08,20
PR02004,P0076,2026-02-02,2026-02-08,10
PR02005,P0178,2026-02-02,2026-02-08,10
PR02006,P0258,2026-02-02,2026-02-08,10
PR02007,P0264,2026-02-02,2026-02-08,10
PR02008,P0227,2026-02-02,2026-02-08,25
PR02009,P0275,2026-02-02,2026-02-08,10
PR02010,P0111,2026-02-02,2026-02-08,10
PR02011,P0112,2026-02-02,2026-02-08,10
PR02012,P0103,2026-02-02,2026-02-08,15
PR02013,P0205,2026-02-02,2026-02-08,15
PR02014,P0104,2026-02-02,2026-02-08,20
PR02015,P0038,2026-02-02,2026-02-08,15
PR02016,P0199,2026-02-02,2026-02-08,15
PR02017,P0135,2026-02-09,2026-02-15,15
PR02018,P0259,2026-02-09,2026-02-15,10
PR02019,P0059,2026-02-09,2026-02-15,15
PR02020,P0202,2026-02-09,2026-02-15,10
PR02021,P0291,2026-02-09,2026-02-15,10
PR02022,P0105,2026-02-09,2026-02-15,15
PR02023,P0289,2026-02-09,2026-02-15,25
PR02024,P0083,2026-02-09,2026-02-15,15
PR02025,P0290,2026-02-09,2026-02-15,20
PR02026,P0235,2026-02-09,2026-02-15,25
PR02027,P0268,2026-02-09,2026-02-15,10
PR02028,P0238,2026-02-09,2026-02-15,10
PR02029,P0228,2026-02-09,2026-02-15,20
PR02030,P0181,2026-02-09,2026-02-15,20
PR02031,P0132,2026-02-09,2026-02-15,15
PR02032,P0003,2026-02-09,2026-02-15,20
PR02033,P0252,2026-02-09,2026-02-15,15
PR02034,P0030,2026-02-09,2026-02-15,20
PR02035,P0042,2026-02-09,2026-02-15,20
PR02036,P0161,2026-02-09,2026-02-15,10
PR02037,P0193,2026-02-09,2026-02-15,10
PR02038,P0237,2026-02-09,2026-02-15,10
PR02039,P0009,2026-02-09,2026-02-15,25
PR02040,P0205,2026-02-09,2026-02-15,25
PR02041,P0206,2026-02-16,2026-02-22,15
PR02042,P0286,2026-02-16,2026-02-22,15
PR02043,P0223,2026-02-16,2026-02-22,10
PR02044,P0158,2026-02-16,2026-02-22,15
PR02045,P0033,2026-02-16,2026-02-22,15
PR02046,P0163,2026-02-16,2026-02-22,10
PR02047,P0229,2026-02-16,2026-02-22,10
PR02048,P0233,2026-02-16,2026-02-22,20
PR02049,P0246,2026-02-16,2026-02-22,25
PR02050,P0059,2026-02-16,2026-02-22,15
PR02051,P0191,2026-02-16,2026-02-22,10
PR02052,P0094,2026-02-16,2026-02-22,10
PR02053,P0038,2026-02-16,2026-02-22,10
PR02054,P0043,2026-02-16,2026-02-22,15
PR02055,P0010,2026-02-16,2026-02-22,25
PR02056,P0106,2026-02-16,2026-02-22,20
PR02057,P0192,2026-02-16,2026-02-22,10
PR02058,P0293,2026-02-16,2026-02-22,25
PR02059,P0264,2026-02-16,2026-02-22,15
PR02060,P0078,2026-02-16,2026-02-22,10
PR02061,P0054,2026-02-16,2026-02-22,15
PR02062,P0186,2026-02-16,2026-02-22,10
PR02063,P0242,2026-02-16,2026-02-22,20
PR02064,P0097,2026-02-16,2026-02-22,15
PR02065,P0039,2026-02-23,2026-03-01,10
PR02066,P0057,2026-02-23,2026-03-01,10
PR02067,P0095,2026-02-23,2026-03-01,20
PR02068,P0109,2026-02-23,2026-03-01,15
PR02069,P0158,2026-02-23,2026-03-01,20
PR02070,P0108,2026-02-23,2026-03-01,20
PR02071,P0146,2026-02-23,2026-03-01,20
PR02072,P0187,2026-02-23,2026-03-01,10
PR02073,P0276,2026-02-23,2026-03-01,10
PR02074,P0160,2026-02-23,2026-03-01,10
PR02075,P0290,2026-02-23,2026-03-01,20
PR02076,P0072,2026-02-23,2026-03-01,25
PR02077,P0017,2026-02-23,2026-03-01,25
PR02078,P0260,2026-02-23,2026-03-01,10
PR02079,P0183,2026-02-23,2026-03-01,20
PR02080,P0255,2026-02-23,2026-03-01,15
PR02081,P0262,2026-02-23,2026-03-01,20
PR02082,P0009,2026-02-23,2026-03-01,15
PR02083,P0140,2026-02-23,2026-03-01,10
PR02084,P0038,2026-02-23,2026-03-01,10
PR02085,P0284,2026-02-23,2026-03-01,25
PR02086,P0080,2026-02-23,2026-03-01,15
PR02087,P0193,2026-02-23,2026-03-01,15
PR02088,P0084,2026-02-23,2026-03-01,15
PR02089,P0038,2026-03-02,2026-03-08,15
PR02090,P0177,2026-03-02,2026-03-08,10
PR02091,P0140,2026-03-02,2026-03-08,25
PR02092,P0005,2026-03-02,2026-03-08,15
PR02093,P0197,2026-03-02,2026-03-08,15
PR02094,P0172,2026-03-02,2026-03-08,10
PR02095,P0227,2026-03-02,2026-03-08,20
PR02096,P0226,2026-03-02,2026-03-08,20
PR02097,P0034,2026-03-02,2026-03-08,10
PR02098,P0159,2026-03-02,2026-03-08,15
PR02099,P0106,2026-03-02,2026-03-08,20
PR02100,P0121,2026-03-02,2026-03-08,20
PR02101,P0270,2026-03-02,2026-03-08,10
PR02102,P0266,2026-03-02,2026-03-08,20
PR02103,P0067,2026-03-02,2026-03-08,15
PR02104,P0018,2026-03-02,2026-03-08,10
PR02105,P0150,2026-03-02,2026-03-08,10
PR02106,P0060,2026-03-02,2026-03-08,10
PR02107,P0078,2026-03-02,2026-03-08,10
PR02108,P0147,2026-03-02,2026-03-08,15
PR02109,P0295,2026-03-02,2026-03-08,20
PR02110,P0011,2026-03-02,2026-03-08,10
PR02111,P0040,2026-03-02,2026-03-08,25
PR02112,P0059,2026-03-02,2026-03-08,10
PR02113,P0163,2026-03-09,2026-03-15,15
PR02114,P0167,2026-03-09,2026-03-15,15
PR02115,P0124,2026-03-09,2026-03-15,25
PR02116,P0106,2026-03-09,2026-03-15,15
PR02117,P0235,2026-03-09,2026-03-15,20
PR02118,P0067,2026-03-09,2026-03-15,20
PR02119,P0255,2026-03-09,2026-03-15,10
PR02120,P0263,2026-03-09,2026-03-15,20
PR02121,P0127,2026-03-09,2026-03-15,15
PR02122,P0261,2026-03-09,2026-03-15,15
PR02123,P0185,2026-03-09,2026-03-15,10
PR02124,P0275,2026-03-09,2026-03-15,25
PR02125,P0210,2026-03-09,2026-03-15,25
PR02126,P0184,2026-03-09,2026-03-15,10
PR02127,P0086,2026-03-09,2026-03-15,10
PR02128,P0039,2026-03-09,2026-03-15,10
PR02129,P0279,2026-03-09,2026-03-15,20
PR02130,P0141,2026-03-09,2026-03-15,15
PR02131,P0003,2026-03-09,2026-03-15,10
PR02132,P0299,2026-03-09,2026-03-15,20
PR02133,P0027,2026-03-09,2026-03-15,15
PR02134,P0292,2026-03-09,2026-03-15,15
PR02135,P0030,2026-03-09,2026-03-15,15
PR02136,P0205,2026-03-09,2026-03-15,15
PR02137,P0007,2026-03-16,2026-03-22,10
PR02138,P0161,2026-03-16,2026-03-22,15
PR02139,P0226,2026-03-16,2026-03-22,20
PR02140,P0235,2026-03-16,2026-03-22,10
PR02141,P0087,2026-03-16,2026-03-22,15
PR02142,P0076,2026-03-16,2026-03-22,15
PR02143,P0152,2026-03-16,2026-03-22,20
PR02144,P0101,2026-03-16,2026-03-22,25
PR02145,P0121,2026-03-16,2026-03-22,20
PR02146,P0259,2026-03-16,2026-03-22,15
PR02147,P0018,2026-03-16,2026-03-22,15
PR02148,P0265,2026-03-16,2026-03-22,15
PR02149,P0012,2026-03-16,2026-03-22,15
PR02150,P0080,2026-03-16,2026-03-22,10
PR02151,P0078,2026-03-16,2026-03-22,20
PR02152,P0050,2026-03-16,2026-03-22,20
PR02153,P0104,2026-03-16,2026-03-22,15
PR02154,P0112,2026-03-16,2026-03-22,20
PR02155,P0119,2026-03-16,2026-03-22,20
PR02156,P0254,2026-03-16,2026-03-22,15
PR02157,P0134,2026-03-16,2026-03-22,10
PR02158,P0124,2026-03-16,2026-03-22,10
PR02159,P0145,2026-03-16,2026-03-22,15
PR02160,P0088,2026-03-16,2026-03-22,15
PR02161,P0101,2026-03-23,2026-03-29,10
PR02162,P0207,2026-03-23,2026-03-29,10
PR02163,P0260,2026-03-23,2026-03-29,10
PR02164,P0064,2026-03-23,2026-03-29,20
PR02165,P0197,2026-03-23,2026-03-29,20
PR02166,P0111,2026-03-23,2026-03-29,10
PR02167,P0014,2026-03-23,2026-03-29,10
PR02168,P0221,2026-03-23,2026-03-29,20
PR02169,P0065,2026-03-23,2026-03-29,25
PR02170,P0225,2026-03-23,2026-03-29,10
PR02171,P0204,2026-03-23,2026-03-29,10
PR02172,P0222,2026-03-23,2026-03-29,20
PR02173,P0261,2026-03-23,2026-03-29,20
PR02174,P0116,2026-03-23,2026-03-29,25
PR02175,P0036,2026-03-23,2026-03-29,10
PR02176,P0054,2026-03-23,2026-03-29,10
PR02177,P0082,2026-03-23,2026-03-29,15
PR02178,P0047,2026-03-23,2026-03-29,10
PR02179,P0033,2026-03-23,2026-03-29,20
PR02180,P0162,2026-03-23,2026-03-29,10
PR02181,P0206,2026-03-23,2026-03-29,15
PR02182,P0050,2026-03-23,2026-03-29,25
PR02183,P0077,2026-03-23,2026-03-29,25
PR02184,P0026,2026-03-23,2026-03-29,20
PR02185,P0042,2026-03-30,2026-04-05,15
PR02186,P0037,2026-03-30,2026-04-05,20
PR02187,P0254,2026-03-30,2026-04-05,10
PR02188,P0282,2026-03-30,2026-04-05,20
PR02189,P0204,2026-03-30,2026-04-05,15
PR02190,P0061,2026-03-30,2026-04-05,15
PR02191,P0261,2026-03-30,2026-04-05,25
PR02192,P0209,2026-03-30,2026-04-05,25
PR02193,P0006,2026-03-30,2026-04-05,15
PR02194,P0022,2026-03-30,2026-04-05,15
PR02195,P0172,2026-03-30,2026-04-05,20
PR02196,P0004,2026-03-30,2026-04-05,25
PR02197,P0009,2026-03-30,2026-04-05,20
PR02198,P0191,2026-03-30,2026-04-05,10
PR02199,P0265,2026-03-30,2026-04-05,10
PR02200,P0266,2026-03-30,2026-04-05,20
PR02201,P0148,2026-03-30,2026-04-05,20
PR02202,P0102,2026-03-30,2026-04-05,20
PR02203,P0109,2026-03-30,2026-04-05,20
PR02204,P0155,2026-03-30,2026-04-05,15
PR02205,P0003,2026-03-30,2026-04-05,15
PR02206,P0241,2026-03-30,2026-04-05,20
PR02207,P0077,2026-03-30,2026-04-05,10
PR02208,P0171,2026-03-30,2026-04-05,20
PR02209,P0195,2026-04-06,2026-04-12,10
PR02210,P0092,2026-04-06,2026-04-12,20
PR02211,P0237,2026-04-06,2026-04-12,20
PR02212,P0015,2026-04-06,2026-04-12,10
PR02213,P0284,2026-04-06,2026-04-12,10
PR02214,P0265,2026-04-06,2026-04-12,15
PR02215,P0122,2026-04-06,2026-04-12,10
PR02216,P0155,2026-04-06,2026-04-12,20
PR02217,P0279,2026-04-06,2026-04-12,20
PR02218,P0211,2026-04-06,2026-04-12,10
PR02219,P0017,2026-04-06,2026-04-12,15
PR02220,P0130,2026-04-06,2026-04-12,10
PR02221,P0051,2026-04-06,2026-04-12,10
PR02222,P0267,2026-04-06,2026-04-12,20
PR02223,P0202,2026-04-06,2026-04-12,20
PR02224,P0091,2026-04-06,2026-04-12,20
PR02225,P0031,2026-04-06,2026-04-12,10
PR02226,P0114,2026-04-06,2026-04-12,15
PR02227,P0050,2026-04-06,2026-04-12,15
PR02228,P0159,2026-04-06,2026-04-12,25
PR02229,P0100,2026-04-06,2026-04-12,20
PR02230,P0286,2026-04-06,2026-04-12,25
PR02231,P0252,2026-04-06,2026-04-12,10
PR02232,P0040,2026-04-06,2026-04-12,15
PR02233,P0133,2026-04-13,2026-04-19,15
PR02234,P0153,2026-04-13,2026-04-19,10
PR02235,P0080,2026-04-13,2026-04-19,15
PR02236,P0139,2026-04-13,2026-04-19,15
PR02237,P0223,2026-04-13,2026-04-19,10
PR02238,P0216,2026-04-13,2026-04-19,10
PR02239,P0120,2026-04-13,2026-04-19,15
PR02240,P0118,2026-04-13,2026-04-19,10
PR02241,P0051,2026-04-13,2026-04-19,20
PR02242,P0254,2026-04-13,2026-04-19,10
PR02243,P0273,2026-04-13,2026-04-19,15
PR02244,P0178,2026-04-13,2026-04-19,10
PR02245,P0232,2026-04-13,2026-04-19,15
PR02246,P0179,2026-04-13,2026-04-19,15
PR02247,P0146,2026-04-13,2026-04-19,15
PR02248,P0081,2026-04-13,2026-04-19,15
PR02249,P0074,2026-04-13,2026-04-19,15
PR02250,P0103,2026-04-13,2026-04-19,10
PR02251,P0181,2026-04-13,2026-04-19,15
PR02252,P0016,2026-04-13,2026-04-19,15
PR02253,P0285,2026-04-13,2026-04-19,20
PR02254,P0157,2026-04-13,2026-04-19,15
PR02255,P0104,2026-04-13,2026-04-19,20
PR02256,P0169,2026-04-13,2026-04-19,15
PR02257,P0058,2026-04-20,2026-04-26,15
PR02258,P0133,2026-04-20,2026-04-26,10
PR02259,P0008,2026-04-20,2026-04-26,15
PR02260,P0124,2026-04-20,2026-04-26,15
PR02261,P0119,2026-04-20,2026-04-26,15
PR02262,P0073,2026-04-20,2026-04-26,20
PR02263,P0257,2026-04-20,2026-04-26,25
PR02264,P0222,2026-04-20,2026-04-26,20
PR02265,P0077,2026-04-20,2026-04-26,15
PR02266,P0066,2026-04-20,2026-04-26,15
PR02267,P0214,2026-04-20,2026-04-26,15
PR02268,P0127,2026-04-20,2026-04-26,10
PR02269,P0064,2026-04-20,2026-04-26,20
PR02270,P0254,2026-04-20,2026-04-26,20
PR02271,P0168,2026-04-20,2026-04-26,10
PR02272,P0076,2026-04-20,2026-04-26,25
PR02273,P0216,2026-04-20,2026-04-26,20
PR02274,P0167,2026-04-20,2026-04-26,15
PR02275,P0013,2026-04-20,2026-04-26,25
PR02276,P0154,2026-04-20,2026-04-26,10
PR02277,P0059,2026-04-20,2026-04-26,10
PR02278,P0017,2026-04-20,2026-04-26,10
PR02279,P0238,2026-04-20,2026-04-26,15
PR02280,P0239,2026-04-20,2026-04-26,15
PR02281,P0002,2026-04-27,2026-05-03,15
PR02282,P0131,2026-04-27,2026-05-03,25
PR02283,P0028,2026-04-27,2026-05-03,20
PR02284,P0072,2026-04-27,2026-05-03,20
PR02285,P0242,2026-04-27,2026-05-03,15
PR02286,P0084,2026-04-27,2026-05-03,10
PR02287,P0278,2026-04-27,2026-05-03,20
PR02288,P0110,2026-04-27,2026-05-03,15
PR02289,P0205,2026-04-27,2026-05-03,10
PR02290,P0204,2026-04-27,2026-05-03,15
PR02291,P0192,2026-04-27,2026-05-03,15
PR02292,P0237,2026-04-27,2026-05-03,20
PR02293,P0181,2026-04-27,2026-05-03,10
PR02294,P0211,2026-04-27,2026-05-03,20
PR02295,P0074,2026-04-27,2026-05-03,15
PR02296,P0210,2026-04-27,2026-05-03,10
PR02297,P0277,2026-04-27,2026-05-03,10
PR02298,P0136,2026-04-27,2026-05-03,20
PR02299,P0287,2026-04-27,2026-05-03,15
PR02300,P0036,2026-04-27,2026-05-03,15
PR02301,P0080,2026-04-27,2026-05-03,10
PR02302,P0016,2026-04-27,2026-05-03,20
PR02303,P0077,2026-04-27,2026-05-03,20
PR02304,P0263,2026-04-27,2026-05-03,10
PR02305,P0174,2026-05-04,2026-05-10,10
PR02306,P0196,2026-05-04,2026-05-10,20
PR02307,P0109,2026-05-04,2026-05-10,15
PR02308,P0093,2026-05-04,2026-05-10,10
PR02309,P0082,2026-05-04,2026-05-10,10
PR02310,P0163,2026-05-04,2026-05-10,20
PR02311,P0038,2026-05-04,2026-05-10,20
PR02312,P0009,2026-05-04,2026-05-10,10
PR02313,P0263,2026-05-04,2026-05-10,20
PR02314,P0137,2026-05-04,2026-05-10,10
PR02315,P0290,2026-05-04,2026-05-10,10
PR02316,P0073,2026-05-04,2026-05-10,15
PR02317,P0272,2026-05-04,2026-05-10,10
PR02318,P0197,2026-05-04,2026-05-10,10
PR02319,P0204,2026-05-04,2026-05-10,15
PR02320,P0201,2026-05-04,2026-05-10,10
PR02321,P0223,2026-05-04,2026-05-10,10
PR02322,P0168,2026-05-04,2026-05-10,20
PR02323,P0244,2026-05-04,2026-05-10,15
PR02324,P0102,2026-05-04,2026-05-10,20
PR02325,P0234,2026-05-04,2026-05-10,15
PR02326,P0161,2026-05-04,2026-05-10,15
PR02327,P0159,2026-05-04,2026-05-10,10
PR02328,P0003,2026-05-04,2026-05-10,20
PR02329,P0055,2026-05-11,2026-05-17,25
PR02330,P0251,2026-05-11,2026-05-17,10
PR02331,P0273,2026-05-11,2026-05-17,10
PR02332,P0216,2026-05-11,2026-05-17,10
PR02333,P0239,2026-05-11,2026-05-17,20
PR02334,P0006,2026-05-11,2026-05-17,10
PR02335,P0014,2026-05-11,2026-05-17,15
PR02336,P0262,2026-05-11,2026-05-17,10
PR02337,P0212,2026-05-11,2026-05-17,10
PR02338,P0093,2026-05-11,2026-05-17,20
PR02339,P0209,2026-05-11,2026-05-17,20
PR02340,P0088,2026-05-11,2026-05-17,15
PR02341,P0176,2026-05-11,2026-05-17,25
PR02342,P0082,2026-05-11,2026-05-17,10
PR02343,P0138,2026-05-11,2026-05-17,10
PR02344,P0027,2026-05-11,2026-05-17,15
PR02345,P0221,2026-05-11,2026-05-17,20
PR02346,P0191,2026-05-11,2026-05-17,15
PR02347,P0147,2026-05-11,2026-05-17,10
PR02348,P0203,2026-05-11,2026-05-17,25
PR02349,P0038,2026-05-11,2026-05-17,10
PR02350,P0012,2026-05-11,2026-05-17,15
PR02351,P0222,2026-05-11,2026-05-17,15
PR02352,P0069,2026-05-11,2026-05-17,25
PR02353,P0185,2026-05-18,2026-05-24,15
PR02354,P0140,2026-05-18,2026-05-24,10
PR02355,P0268,2026-05-18,2026-05-24,20
PR02356,P0053,2026-05-18,2026-05-24,10
PR02357,P0042,2026-05-18,2026-05-24,15
PR02358,P0129,2026-05-18,2026-05-24,10
PR02359,P0122,2026-05-18,2026-05-24,10
PR02360,P0238,2026-05-18,2026-05-24,15
PR02361,P0176,2026-05-18,2026-05-24,10
PR02362,P0147,2026-05-18,2026-05-24,10
PR02363,P0293,2026-05-18,2026-05-24,10
PR02364,P0046,2026-05-18,2026-05-24,10
PR02365,P0106,2026-05-18,2026-05-24,15
PR02366,P0272,2026-05-18,2026-05-24,10
PR02367,P0108,2026-05-18,2026-05-24,15
PR02368,P0100,2026-05-18,2026-05-24,20
PR02369,P0261,2026-05-18,2026-05-24,15
PR02370,P0275,2026-05-18,2026-05-24,15
PR02371,P0109,2026-05-18,2026-05-24,10
PR02372,P0006,2026-05-18,2026-05-24,25
PR02373,P0271,2026-05-18,2026-05-24,15
PR02374,P0288,2026-05-18,2026-05-24,10
PR02375,P0276,2026-05-18,2026-05-24,25
PR02376,P0206,2026-05-18,2026-05-24,20
PR02377,P0017,2026-05-25,2026-05-31,20
PR02378,P0171,2026-05-25,2026-05-31,20
PR02379,P0095,2026-05-25,2026-05-31,20
PR02380,P0105,2026-05-25,2026-05-31,25
PR02381,P0278,2026-05-25,2026-05-31,25
PR02382,P0233,2026-05-25,2026-05-31,15
PR02383,P0124,2026-05-25,2026-05-31,15
PR02384,P0010,2026-05-25,2026-05-31,20
PR02385,P0210,2026-05-25,2026-05-31,25
PR02386,P0052,2026-05-25,2026-05-31,25
PR02387,P0250,2026-05-25,2026-05-31,20
PR02388,P0193,2026-05-25,2026-05-31,10
PR02389,P0078,2026-05-25,2026-05-31,25
PR02390,P0085,2026-05-25,2026-05-31,25
PR02391,P0086,2026-05-25,2026-05-31,20
PR02392,P0239,2026-05-25,2026-05-31,20
PR02393,P0109,2026-05-25,2026-05-31,15
PR02394,P0075,2026-05-25,2026-05-31,25
PR02395,P0172,2026-05-25,2026-05-31,10
PR02396,P0080,2026-05-25,2026-05-31,20
PR02397,P0195,2026-05-25,2026-05-31,10
PR02398,P0123,2026-05-25,2026-05-31,10
PR02399,P0043,2026-05-25,2026-05-31,10
PR02400,P0031,2026-05-25,2026-05-31,15
PR02401,P0281,2026-06-01,2026-06-07,25
PR02402,P0080,2026-06-01,2026-06-07,15
PR02403,P0007,2026-06-01,2026-06-07,10
PR02404,P0115,2026-06-01,2026-06-07,15
PR02405,P0158,2026-06-01,2026-06-07,15
PR02406,P0295,2026-06-01,2026-06-07,20
PR02407,P0177,2026-06-01,2026-06-07,25
PR02408,P0186,2026-06-01,2026-06-07,15
PR02409,P0008,2026-06-01,2026-06-07,15
PR02410,P0161,2026-06-01,2026-06-07,15
PR02411,P0225,2026-06-01,2026-06-07,15
PR02412,P0121,2026-06-01,2026-06-07,10
PR02413,P0297,2026-06-01,2026-06-07,10
PR02414,P0271,2026-06-01,2026-06-07,20
PR02415,P0056,2026-06-01,2026-06-07,15
PR02416,P0267,2026-06-01,2026-06-07,15
PR02417,P0011,2026-06-01,2026-06-07,10
PR02418,P0242,2026-06-01,2026-06-07,20
PR02419,P0251,2026-06-01,2026-06-07,10
PR02420,P0065,2026-06-01,2026-06-07,15
PR02421,P0206,2026-06-01,2026-06-07,20
PR02422,P0232,2026-06-01,2026-06-07,15
PR02423,P0045,2026-06-01,2026-06-07,25
PR02424,P0255,2026-06-01,2026-06-07,10
PR02425,P0218,2026-06-08,2026-06-14,25
PR02426,P0084,2026-06-08,2026-06-14,15
PR02427,P0113,2026-06-08,2026-06-14,15
PR02428,P0277,2026-06-08,2026-06-14,10
PR02429,P0265,2026-06-08,2026-06-14,15
PR02430,P0156,2026-06-08,2026-06-14,25
PR02431,P0074,2026-06-08,2026-06-14,15
PR02432,P0295,2026-06-08,2026-06-14,10
PR02433,P0011,2026-06-08,2026-06-14,10
PR02434,P0004,2026-06-08,2026-06-14,25
PR02435,P0275,2026-06-08,2026-06-14,25
PR02436,P0258,2026-06-08,2026-06-14,10
PR02437,P0198,2026-06-08,2026-06-14,15
PR02438,P0119,2026-06-08,2026-06-14,10
PR02439,P0206,2026-06-08,2026-06-14,15
PR02440,P0066,2026-06-08,2026-06-14,10
PR02441,P0200,2026-06-08,2026-06-14,20
PR02442,P0173,2026-06-08,2026-06-14,25
PR02443,P0190,2026-06-08,2026-06-14,10
PR02444,P0227,2026-06-08,2026-06-14,15
PR02445,P0111,2026-06-08,2026-06-14,10
PR02446,P0220,2026-06-08,2026-06-14,10
PR02447,P0175,2026-06-08,2026-06-14,10
PR02448,P0141,2026-06-08,2026-06-14,10
PR02449,P0210,2026-06-15,2026-06-21,10
PR02450,P0004,2026-06-15,2026-06-21,15
PR02451,P0066,2026-06-15,2026-06-21,20
PR02452,P0217,2026-06-15,2026-06-21,15
PR02453,P0068,2026-06-15,2026-06-21,15
PR02454,P0126,2026-06-15,2026-06-21,20
PR02455,P0134,2026-06-15,2026-06-21,10
PR02456,P0276,2026-06-15,2026-06-21,25
PR02457,P0238,2026-06-15,2026-06-21,15
PR02458,P0230,2026-06-15,2026-06-21,15
PR02459,P0123,2026-06-15,2026-06-21,20
PR02460,P0271,2026-06-15,2026-06-21,15
PR02461,P0053,2026-06-15,2026-06-21,15
PR02462,P0022,2026-06-15,2026-06-21,15
PR02463,P0152,2026-06-15,2026-06-21,25
PR02464,P0011,2026-06-15,2026-06-21,20
PR02465,P0101,2026-06-15,2026-06-21,20
PR02466,P0013,2026-06-15,2026-06-21,10
PR02467,P0059,2026-06-15,2026-06-21,15
PR02468,P0222,2026-06-15,2026-06-21,15
PR02469,P0282,2026-06-15,2026-06-21,10
PR02470,P0216,2026-06-15,2026-06-21,20
PR02471,P0243,2026-06-15,2026-06-21,10
PR02472,P0131,2026-06-15,2026-06-21,10
PR02473,P0084,2026-06-22,2026-06-28,15
PR02474,P0168,2026-06-22,2026-06-28,20
PR02475,P0192,2026-06-22,2026-06-28,20
PR02476,P0243,2026-06-22,2026-06-28,25
PR02477,P0162,2026-06-22,2026-06-28,10
PR02478,P0173,2026-06-22,2026-06-28,15
PR02479,P0215,2026-06-22,2026-06-28,25
PR02480,P0066,2026-06-22,2026-06-28,20
PR02481,P0028,2026-06-22,2026-06-28,15
PR02482,P0041,2026-06-22,2026-06-28,15
PR02483,P0156,2026-06-22,2026-06-28,10
PR02484,P0073,2026-06-22,2026-06-28,20
PR02485,P0061,2026-06-22,2026-06-28,15
PR02486,P0097,2026-06-22,2026-06-28,15
PR02487,P0184,2026-06-22,2026-06-28,15
PR02488,P0206,2026-06-22,2026-06-28,15
PR02489,P0153,2026-06-22,2026-06-28,10
PR02490,P0264,2026-06-22,2026-06-28,20
PR02491,P0096,2026-06-22,2026-06-28,15
PR02492,P0074,2026-06-22,2026-06-28,10
PR02493,P0080,2026-06-22,2026-06-28,15
PR02494,P0178,2026-06-22,2026-06-28,25
PR02495,P0266,2026-06-22,2026-06-28,15
PR02496,P0285,2026-06-22,2026-06-28,15
PR02497,P0267,2026-06-29,2026-07-05,20
PR02498,P0282,2026-06-29,2026-07-05,15
PR02499,P0189,2026-06-29,2026-07-05,10
PR02500,P0117,2026-06-29,2026-07-05,10
PR02501,P0061,2026-06-29,2026-07-05,20
PR02502,P0174,2026-06-29,2026-07-05,15
PR02503,P0063,2026-06-29,2026-07-05,15
PR02504,P0033,2026-06-29,2026-07-05,20
PR02505,P0134,2026-06-29,2026-07-05,10
PR02506,P0279,2026-06-29,2026-07-05,20
PR02507,P0184,2026-06-29,2026-07-05,10
PR02508,P0014,2026-06-29,2026-07-05,25
PR02509,P0152,2026-06-29,2026-07-05,10
PR02510,P0263,2026-06-29,2026-07-05,10
PR02511,P0230,2026-06-29,2026-07-05,20
PR02512,P0044,2026-06-29,2026-07-05,10
PR02513,P0181,2026-06-29,2026-07-05,25
PR02514,P0244,2026-06-29,2026-07-05,20
PR02515,P0054,2026-06-29,2026-07-05,10
PR02516,P0213,2026-06-29,2026-07-05,10
PR02517,P0136,2026-06-29,2026-07-05,25
PR02518,P0225,2026-06-29,2026-07-05,15
PR02519,P0138,2026-06-29,2026-07-05,20
PR02520,P0242,2026-06-29,2026-07-05,10
